Series Name,Series Code,Country Name,Country Code,1990 [YR1990],2000 [YR2000],2016 [YR2016],2017 [YR2017],2018 [YR2018],2019 [YR2019],2020 [YR2020],2021 [YR2021],2022 [YR2022],2023 [YR2023],2024 [YR2024],2025 [YR2025]
GDP per capita (current US$),NY.GDP.PCAP.CD,Afghanistan,AFG,..,174.930991430166,522.082215583898,525.469770891619,491.337221382603,496.6025042585,510.787063366811,356.496214115892,357.261152798144,413.757894705303,..,..
GDP per capita (current US$),NY.GDP.PCAP.CD,Albania,ALB,617.230435515505,1160.42047054038,4457.63412207495,5006.36012951959,5897.65452588774,6069.43903131027,6027.91350716348,7242.45513146613,7756.96188744253,9730.86921906893,11377.7757431099,..
GDP per capita (current US$),NY.GDP.PCAP.CD,Algeria,DZA,2445.18332740258,1772.92869122761,4424.98529027556,4554.66753957828,4577.21029180491,4468.45341883656,3743.5419522929,4160.55926736925,4960.30334332888,5370.477235078,5752.99076651465,..
GDP per capita (current US$),NY.GDP.PCAP.CD,American Samoa,ASM,..,..,12843.3342903627,11863.6839452565,12552.0546868861,12886.1359517218,14489.2586563775,15236.1604875571,18017.4589383973,..,..,..
GDP per capita (current US$),NY.GDP.PCAP.CD,Andorra,AND,19563.6574722488,21810.2503808666,40129.8385811474,40672.9717424447,42819.7577456133,41257.816459345,37361.1070081615,42425.7066454357,42414.0479861228,46812.4261013102,49303.6491674336,..
GDP per capita (current US$),NY.GDP.PCAP.CD,Angola,AGO,965.866840464665,563.733795571487,2051.81462126253,2790.71886869768,2860.0936483682,2493.67884440177,1759.35619918264,2303.90812662776,3682.1131513698,2916.13663284275,2665.87444776753,..
GDP per capita (current US$),NY.GDP.PCAP.CD,Antigua and Barbuda,ATG,7590.75442423046,12027.4949768222,16556.8551801588,16965.7288273816,18273.4270684912,18896.3721832248,15369.6082250401,17348.6006987182,20105.1989085164,21494.5474000727,23542.4526945578,..
GDP per capita (current US$),NY.GDP.PCAP.CD,Argentina,ARG,4315.33403111588,7637.01489203628,12699.9623137756,14532.5009308511,11752.7998922979,9955.97478680428,8535.59938004389,10738.0179223384,13962.1894087223,14261.8465667948,13969.7836603737,..
GDP per capita (current US$),NY.GDP.PCAP.CD,Armenia,ARM,635.355327502517,593.450581742282,3524.42476874707,3869.05373867752,4196.00562301769,4597.22887399548,4268.68093304583,4685.17997128509,6571.97445545099,8159.08720967996,8556.21406956719,..
GDP per capita (current US$),NY.GDP.PCAP.CD,Aruba,ABW,12187.5363611898,20681.0230269625,27441.5502144601,28440.0416881491,30082.1584226798,30645.8906024548,22759.8071750722,26749.3296093118,30975.9989121779,35718.7531191634,39498.5941293797,..
GDP per capita (current US$),NY.GDP.PCAP.CD,Australia,AUS,18273.561526468,21908.9968019784,50084.4440606385,54117.547718609,57410.1737346009,55194.7585097428,51983.4523666382,60758.9044397144,65169.5191118657,65058.3773146674,64603.9856308464,..
GDP per capita (current US$),NY.GDP.PCAP.CD,Austria,AUT,21596.068219998,24487.2974685956,45061.4993920192,47163.7425775142,51194.0749841299,49885.9947355204,48716.4098900349,53648.6437976214,52336.7725223758,56579.504175468,58268.8787651601,..
GDP per capita (current US$),NY.GDP.PCAP.CD,Azerbaijan,AZE,1238.27189274842,655.097249579917,3880.6852276838,4147.1981423222,4739.7943123408,4805.75371765917,4229.91064904503,5408.04535175023,7770.594223351,7133.02838048328,7283.8499076179,..
GDP per capita (current US$),NY.GDP.PCAP.CD,"Bahamas, The",BHS,11473.3008389353,24940.0775086078,30616.5363157284,31875.4881749619,32642.3353203452,33640.3369861278,26178.7537607708,30367.8605757708,34957.1613279737,38231.774484278,39455.4466548546,..
GDP per capita (current US$),NY.GDP.PCAP.CD,Bahrain,BHR,9342.53891401688,14214.4836839343,23800.001440631,24784.7693514607,26324.4066549559,27259.7438599327,24342.8444554718,27147.8083882286,30470.5219276023,29290.1284215098,29653.5682731534,..
GDP per capita (current US$),NY.GDP.PCAP.CD,Bangladesh,BGD,283.053737055234,396.670730249751,1649.28380858601,1811.08221668646,1965.24372731467,2129.79896954606,2248.85078828233,2482.84917843357,2716.48592780431,2551.01773827307,2593.41611680774,..
GDP per capita (current US$),NY.GDP.PCAP.CD,Barbados,BRB,7781.40573306125,11674.6736471764,20295.5672072046,20284.5762052461,21381.2426303209,21912.1501242857,19194.4919736739,21079.6145271791,24387.0387293761,25583.878782727,26544.8707282621,..
GDP per capita (current US$),NY.GDP.PCAP.CD,Belarus,BLR,1706.64091882343,1276.2880341,5039.77560949445,5785.54491935194,6360.037502312,6837.77339645635,6542.85579976768,7489.71894713888,7994.64806074889,7896.75388295584,8317.63399913792,..
GDP per capita (current US$),NY.GDP.PCAP.CD,Belgium,BEL,20600.3752789827,23098.8865077401,41854.5498296444,44035.3239358548,47487.2100392561,46716.6227467964,45906.2875805246,51658.238294958,50605.7496677086,55291.4754541329,56614.5679499036,..
GDP per capita (current US$),NY.GDP.PCAP.CD,Belize,BLZ,2986.46962075029,4726.50675459616,6140.86713919469,6071.85451846453,6011.99036888587,6171.61449761423,5238.54078175696,6142.98930557031,7068.21728043145,7424.75821321022,7681.24400583113,..
GDP per capita (current US$),NY.GDP.PCAP.CD,Benin,BEN,371.101604332357,487.424141384242,1010.5338961993,1054.97408066814,1151.7409703472,1130.82135339795,1200.19426557789,1318.65158075198,1266.42711031904,1394.17784721831,1485.38018885134,..
GDP per capita (current US$),NY.GDP.PCAP.CD,Bermuda,BMU,27665.525808301,56542.9569455727,108747.356144305,112339.425587467,113204.82210838,115798.040775578,106976.546239632,112765.08167306,121613.939983629,132604.439086216,142855.374713782,..
GDP per capita (current US$),NY.GDP.PCAP.CD,Bhutan,BTN,488.327431477129,771.924911410619,3152.30905106786,3435.28804735662,3400.20417245342,3576.87987100503,3191.66906999331,3570.61257980872,3711.32767981591,3831.32535494609,..,..
GDP per capita (current US$),NY.GDP.PCAP.CD,Bolivia,BOL,682.67681029538,975.777060358751,3035.87347732132,4048.40119739839,4206.8552936661,4203.15492855788,3580.96761778303,4010.76053686204,4219.46113742445,4274.70820547613,4421.16609889999,..
GDP per capita (current US$),NY.GDP.PCAP.CD,Bosnia and Herzegovina,BIH,1742.88262171767,1338.48059636261,4928.5665903114,5345.01978766473,6047.84707207392,6122.37541352353,6130.31187968266,7295.34378682258,7655.59421024383,8663.02326458629,9358.78768951134,..
GDP per capita (current US$),NY.GDP.PCAP.CD,Botswana,BWA,2903.15381562611,3450.81180622992,6749.05994339013,7104.96401088027,7407.95940141786,7172.08956480028,6323.2974967659,7807.88794570471,8328.7090572666,7826.35376483298,7695.75319445165,..
GDP per capita (current US$),NY.GDP.PCAP.CD,Brazil,BRA,2619.80141064047,3766.54786339835,8836.28546025694,10080.5078722821,9300.66072904004,9029.83304401079,7074.19407495707,7972.53696080695,9281.33282136864,10377.5897719195,10310.5488778166,..
GDP per capita (current US$),NY.GDP.PCAP.CD,British Virgin Islands,VGB,..,..,..,..,..,..,..,..,..,..,..,..
GDP per capita (current US$),NY.GDP.PCAP.CD,Brunei Darussalam,BRN,23658.7166330381,20130.2572346624,26663.2972950602,28024.3824580252,30988.1190267227,30426.5730656528,26834.3592233943,31006.9636289785,36632.9280952155,32890.5491812019,33153.4738913513,..
GDP per capita (current US$),NY.GDP.PCAP.CD,Bulgaria,BGR,2366.52982128614,1621.26210738992,7822.49923292968,8696.68930427924,9849.38397225174,10353.7204584127,10760.211975413,12966.1457543396,13999.1949530956,15853.208636704,17596.0173663521,..
GDP per capita (current US$),NY.GDP.PCAP.CD,Burkina Faso,BFA,338.593759055128,248.908526921752,663.742364842886,709.091535894695,777.465618514048,764.853077774946,825.237038782475,895.535288442991,827.330843486661,873.482589651003,981.992649769081,..
GDP per capita (current US$),NY.GDP.PCAP.CD,Burundi,BDI,202.629446176297,134.537861752389,232.937812100153,246.060725714184,245.661678332009,234.31061590725,255.8324539389,264.980379269655,302.992505263552,250.627253097255,219.424830882698,..
GDP per capita (current US$),NY.GDP.PCAP.CD,Cabo Verde,CPV,817.442925539738,1189.51479345891,3608.96605234906,3893.09571382506,4294.96510035729,4380.78117331128,3539.22661248299,3971.44409203423,4323.31362032709,4794.90121917259,5192.48157325878,..
GDP per capita (current US$),NY.GDP.PCAP.CD,Cambodia,KHM,190.181470036159,296.426687526334,1675.19555711109,1826.35391688754,2036.67377566578,2225.87705485686,2081.73914242939,2167.40324198499,2325.03050040841,2429.74853452838,2627.87969756224,..
GDP per capita (current US$),NY.GDP.PCAP.CD,Cameroon,CMR,1086.71700937081,708.565731625965,1441.7201725688,1496.08951771242,1610.69641591017,1555.22660476477,1555.60370660749,1672.32657340872,1604.87726954895,1720.47510154506,1830.00833684727,..
GDP per capita (current US$),NY.GDP.PCAP.CD,Canada,CAN,21525.8611387148,24271.0020563821,42314.0615817218,45129.628116623,46539.1761570405,46352.8693445211,43537.839298904,52886.6616372703,56256.8007264015,54220.3285039875,54340.3477224733,..
GDP per capita (current US$),NY.GDP.PCAP.CD,Cayman Islands,CYM,..,..,77802.2535658023,80053.9442657031,83865.5540393356,88254.2902486867,82338.7977439023,86449.6749037302,93030.7051447803,99143.5180243123,..,..
GDP per capita (current US$),NY.GDP.PCAP.CD,Central African Republic,CAF,501.656200636394,239.154133726071,387.176203444318,432.324025684263,455.243962859534,449.228467602439,462.879071294011,492.263142830507,467.359825026238,495.978897288721,516.160999996036,..
GDP per capita (current US$),NY.GDP.PCAP.CD,Chad,TCD,290.599045262191,163.121663683369,861.831767630746,854.46120040098,948.656629871231,893.336441643325,866.947814890409,946.358500208374,966.036468278568,949.333453674592,961.55975562506,..
GDP per capita (current US$),NY.GDP.PCAP.CD,Channel Islands,CHI,..,43479.1940767689,55947.579811974,55806.3554257428,60784.8125397162,60564.6293993681,56785.9402005039,66915.3963925722,67627.1417347907,74585.5224096294,..,..
GDP per capita (current US$),NY.GDP.PCAP.CD,Chile,CHL,2487.76829657299,5052.99245766325,13649.8520452803,14879.9086227187,15659.4808675628,14495.716721687,13114.815470545,16206.8325493421,15405.6165774073,17067.0364799154,16709.8893972307,..
GDP per capita (current US$),NY.GDP.PCAP.CD,China,CHN,318.50335359039,969.199513696287,8254.86859320357,8979.67652709856,10085.6638148819,10342.9009524335,10627.4637989619,12887.4357242941,12970.6056414327,12951.1782397043,13303.1481543868,..
GDP per capita (current US$),NY.GDP.PCAP.CD,Colombia,COL,1474.8455285342,2555.00751039968,5959.84250367574,6479.53231292429,6816.96818309544,6472.54544924705,5339.68711357943,6222.62164397614,6680.44506854481,7000.83660501046,7919.20886825345,..
GDP per capita (current US$),NY.GDP.PCAP.CD,Comoros,COM,903.20430581841,633.309032776244,1365.48403444497,1423.9248027797,1527.40527125285,1510.23218151592,1519.34665556206,1554.97289190153,1465.479642862,1560.27378476855,1662.75663312504,..
GDP per capita (current US$),NY.GDP.PCAP.CD,"Congo, Dem. Rep.",COD,254.872656292509,377.925421481395,459.765036590388,431.052559128788,518.169626875371,504.00419142286,486.425572682256,595.743074403567,687.738587554685,660.21205238997,649.383338556725,..
GDP per capita (current US$),NY.GDP.PCAP.CD,"Congo, Rep.",COG,1175.66709098428,1024.30159109181,2093.10728558843,2211.63309874797,2694.43413191427,2488.42466724916,1993.586671931,2516.16255145432,2620.83804267402,2477.97845544866,2482.2489948456,..
GDP per capita (current US$),NY.GDP.PCAP.CD,Costa Rica,CRI,1829.6687089559,3812.75388284924,12091.0301606154,12317.0902771304,12590.2493781614,12884.6859951989,12394.0493969492,12838.1185358931,13625.9008491328,16942.0268119375,18587.1532203482,..
GDP per capita (current US$),NY.GDP.PCAP.CD,Cote d'Ivoire,CIV,885.647842214928,936.636541348798,1862.59597081287,1964.29930338343,2130.86619381144,2141.76836170115,2179.72934832935,2455.98127641148,2333.37128301259,2591.9659048119,2727.8935220697,..
GDP per capita (current US$),NY.GDP.PCAP.CD,Croatia,HRV,5369.10978590681,4953.65158789022,12820.1653893008,13901.7878144679,15460.3669595491,15563.5987295029,14807.5608543265,17788.7865816658,18465.5414420364,22184.2279304842,24050.4397933135,..
GDP per capita (current US$),NY.GDP.PCAP.CD,Cuba,CUB,2694.31697957692,2751.3817714814,8110.55874283616,8610.60829605429,8911.46205998726,9232.26115935183,9605.27914559614,..,..,..,..,..
GDP per capita (current US$),NY.GDP.PCAP.CD,Curacao,CUW,..,15841.2612359949,18944.0962772875,18938.2440965187,19119.1244887029,19220.6865793075,16299.8134349902,17795.5826616182,20057.1404747175,21217.8110321785,22832.8953958667,..
GDP per capita (current US$),NY.GDP.PCAP.CD,Cyprus,CYP,9641.5751953125,14388.3525390625,24280.056640625,26247.44921875,29120.375,29227.173828125,28130.341796875,32937.83984375,33231.04296875,36623.69140625,38674.29296875,..
GDP per capita (current US$),NY.GDP.PCAP.CD,Czechia,CZE,3969.36733543794,6062.92152842793,18753.9686718096,20913.197632212,23705.9329811299,24062.7190013343,23472.8915454417,27696.4619527544,28282.2236715857,31761.5944102491,31823.3078290564,..
GDP per capita (current US$),NY.GDP.PCAP.CD,Denmark,DNK,26885.6994188191,30722.0251837567,54500.9260410217,57521.5514992225,61324.7665045565,59404.2663247723,60985.4885601514,69340.7334922138,67781.0940939514,68043.5466971243,71026.4832271897,..
GDP per capita (current US$),NY.GDP.PCAP.CD,Djibouti,DJI,780.497719360725,737.612183644052,2510.4300076241,2618.95521147369,2718.08338799203,2837.16902340932,2844.88810647853,3025.91126413549,3133.25779772463,3381.29779710722,3552.72335079222,..
GDP per capita (current US$),NY.GDP.PCAP.CD,Dominica,DMA,2892.9815966454,4867.39896323759,8802.56172041363,8224.64896571414,9215.3085405645,9491.14995962374,7827.74842680426,8376.40414141113,9323.66089490562,9912.96212766668,10405.2787777582,..
GDP per capita (current US$),NY.GDP.PCAP.CD,Dominican Republic,DOM,989.163941207659,2831.45883638033,7160.44200982307,7412.71571571512,7882.98221584944,8183.01623600375,7135.22273255899,8527.0754858205,10104.2449349081,10630.431743829,10875.6618443092,..
GDP per capita (current US$),NY.GDP.PCAP.CD,Ecuador,ECU,1455.00748510871,1382.23421759909,5917.63771271481,6233.32244797718,6303.91886658338,6205.05765246766,5463.64515348598,6061.32350181711,6515.58528418336,6737.84748379638,6874.705739766,..
GDP per capita (current US$),NY.GDP.PCAP.CD,"Egypt, Arab Rep.",EGY,735.982935028025,1366.09274372613,3270.6287768197,2395.10333299491,2484.70315630508,2962.98892023003,3511.11381026379,3827.35415374308,4233.30783744856,3456.78968456253,3338.47371395895,..
GDP per capita (current US$),NY.GDP.PCAP.CD,El Salvador,SLV,892.18271519703,1982.87093542615,3901.34014965811,4020.12671373919,4183.54620971358,4320.11671534627,3997.19279583709,4642.60743101342,5074.60210221806,5365.44491399171,5579.65969165029,..
GDP per capita (current US$),NY.GDP.PCAP.CD,Equatorial Guinea,GNQ,236.402188376265,1487.3165506701,7453.19797948517,7809.10465655488,8102.47084834031,6804.14923073888,5764.05502912947,6945.63069794539,7589.29964909381,6677.793435386,6745.40013244916,..
GDP per capita (current US$),NY.GDP.PCAP.CD,Eritrea,ERI,..,314.357396753501,..,..,..,..,..,..,..,..,..,..
GDP per capita (current US$),NY.GDP.PCAP.CD,Estonia,EST,..,4070.60902410208,18666.3736521706,20851.5223496861,23618.1361254581,24021.2501413306,23933.9939421065,27951.1659277744,28340.3826549406,30264.0064885057,31428.3547816104,..
GDP per capita (current US$),NY.GDP.PCAP.CD,Eswatini,SWZ,1277.69173005665,1629.67038842815,3238.17611961364,3853.09956569679,3972.65450620357,3913.14577547336,3466.56936278145,3984.00229174306,3894.1620089869,3755.52111232464,3909.55892378182,..
GDP per capita (current US$),NY.GDP.PCAP.CD,Ethiopia,ETH,262.108971053707,122.269202606069,641.651523286233,696.348429076216,739.702022272086,793.473247210264,829.790982547947,893.00983544905,982.103161506992,1055.81091592527,1133.88279681719,..
GDP per capita (current US$),NY.GDP.PCAP.CD,Faroe Islands,FRO,20125.7940710069,23322.7593357515,56875.2803813296,59387.353086482,62526.4908515743,63068.2872688483,62243.1905561324,69415.1853254579,67058.2022648126,72465.3769660215,74119.6607553879,..
GDP per capita (current US$),NY.GDP.PCAP.CD,Fiji,FJI,1728.94076871199,1995.72071163264,5363.79026679243,5826.84814459328,6085.41979485376,5842.07344577597,4620.6457238014,4536.73312110335,5414.12092119088,5926.20586394763,6425.74151715712,..
GDP per capita (current US$),NY.GDP.PCAP.CD,Finland,FIN,28366.204276071,24335.9225082659,43451.2562442158,46085.0174739036,49654.2497035329,48358.1807773701,48828.6846862799,53099.1351400148,50440.560224974,52834.2916752703,53149.7671934051,..
GDP per capita (current US$),NY.GDP.PCAP.CD,France,FRA,21586.4674617483,22340.5939516217,37024.2157133669,38687.1626407164,41418.1766484844,40408.2848574751,39169.8606000707,43725.0999521245,40988.6396406579,44700.1384177544,46103.0840855884,..
GDP per capita (current US$),NY.GDP.PCAP.CD,French Polynesia,PYF,16293.1823294474,14978.324104668,19690.0775734589,20826.9312492172,21925.616043938,21582.5892046801,19966.4838503859,21426.3854449835,20053.9569369322,21832.2831795569,22439.8838746025,..
GDP per capita (current US$),NY.GDP.PCAP.CD,Gabon,GAB,6050.71468999523,3982.906200928,6677.07003901644,6921.73373135624,7624.2775233771,7441.1786472281,6605.80346077565,8181.40914134656,8409.2074145028,7802.82433276138,8230.04311451151,..
GDP per capita (current US$),NY.GDP.PCAP.CD,"Gambia, The",GMB,300.639895740381,538.054072348854,650.056501323611,642.522641296331,696.219806960615,738.186751987483,720.335143352133,781.890925169531,836.244875868476,883.024111719809,871.340291776294,..
GDP per capita (current US$),NY.GDP.PCAP.CD,Georgia,GEO,1610.98027146868,749.908534993961,4143.40125686315,4418.75206546679,4804.0546040444,4741.2832715876,4300.85701291207,5083.60695484577,6729.84659930283,8283.66960652261,9241.49122313713,..
GDP per capita (current US$),NY.GDP.PCAP.CD,Germany,DEU,22385.6778250275,23925.8559901991,42948.9381932694,45553.9341495339,48916.1686612154,47656.199739747,47394.8734504469,52349.2459994422,50506.5179638543,54776.7668235491,56103.7323182554,..
GDP per capita (current US$),NY.GDP.PCAP.CD,Ghana,GHA,382.54246368354,253.746936203344,1912.47991339951,2012.28662641265,2195.32166016377,2186.65822682613,2195.45481659987,2445.18662529344,2229.89122647803,2383.90410483418,2390.77237652715,..
GDP per capita (current US$),NY.GDP.PCAP.CD,Gibraltar,GIB,..,..,..,..,..,..,..,..,..,..,..,..
GDP per capita (current US$),NY.GDP.PCAP.CD,Greece,GRC,9466.66238502174,11638.2010697215,17919.2426377048,18631.9930129293,19873.4015238771,19335.3602002969,17886.733165236,20654.7001960815,20886.5243087629,23343.7103964562,24626.1481858973,..
GDP per capita (current US$),NY.GDP.PCAP.CD,Greenland,GRL,18326.9295023252,19009.0774407515,48181.7453541266,50765.7494665372,54545.135857765,53309.2035905065,54812.6661771023,58135.9939910203,55635.0006491223,58498.9707973609,..,..
GDP per capita (current US$),NY.GDP.PCAP.CD,Grenada,GRD,2782.18396873619,4839.82811114248,9221.23461079424,9751.42661155932,10083.021279225,10462.7929159533,8968.55890108484,9617.28902905373,10469.3867012856,11414.4781691181,11705.0902976658,..
GDP per capita (current US$),NY.GDP.PCAP.CD,Guam,GUM,..,..,35930.6594898711,36779.0078903909,37195.9503070464,39274.9431424899,36482.9363953675,38074.8793745801,41833.1517132825,..,..,..
GDP per capita (current US$),NY.GDP.PCAP.CD,Guatemala,GTM,847.688561830359,1648.96578971559,4060.13784737643,4324.99768915601,4352.94593289707,4511.99839552697,4477.61785000665,4912.62240414681,5358.70156997677,5758.32760847852,6150.02571438505,..
GDP per capita (current US$),NY.GDP.PCAP.CD,Guinea,GIN,604.304422702532,518.157066924026,711.996509782316,833.598621691121,933.273615633705,1031.34146480732,1053.66097696415,1244.96550477914,1416.59612011764,1555.49375806861,1694.95375862193,..
GDP per capita (current US$),NY.GDP.PCAP.CD,Guinea-Bissau,GNB,651.337640650994,316.945495037639,679.665386626818,783.123186602022,808.531613218504,811.216425885129,846.915855715971,926.780921081233,883.199131457831,988.087886357022,1007.74151728028,..
GDP per capita (current US$),NY.GDP.PCAP.CD,Guyana,GUY,528.851095342994,931.796651718955,5870.87823759835,6178.6650437298,6048.38697180418,6405.82443444562,6775.70939096303,9860.87014834386,17913.4928066879,20473.7002190617,29675.2443873316,..
GDP per capita (current US$),NY.GDP.PCAP.CD,Haiti,HTI,451.720249689216,820.600046761464,1318.40268167953,1395.23945184461,1496.38048970156,1352.17204191532,1290.32538667383,1841.33189337222,1760.62635668777,1705.75808460999,2142.62330526788,..
GDP per capita (current US$),NY.GDP.PCAP.CD,Honduras,HND,749.818113552631,1092.56400746252,2307.34468351082,2413.0076562942,2464.64241531918,2502.32744328073,2307.61494319511,2735.14751503977,3003.28996826399,3227.45762509776,3426.43483328923,..
GDP per capita (current US$),NY.GDP.PCAP.CD,"Hong Kong SAR, China",HKG,13485.6314525052,25756.7728723704,43734.1980702999,46160.429791493,48537.5668888343,48359.0011950597,46109.2299946609,49770.5642374739,48825.8441873536,50562.3633144379,54074.6928519479,..
GDP per capita (current US$),NY.GDP.PCAP.CD,Hungary,HUN,3323.53967237633,4629.91760812548,13215.8605277789,14736.1668157258,16605.0570511887,17012.8598553199,16386.9308821258,19030.628130329,18428.028825614,22230.6277875187,23292.3263882478,..
GDP per capita (current US$),NY.GDP.PCAP.CD,Iceland,ISL,26272.2452156659,32503.578963236,62854.0906407932,72976.3729990975,75633.8651351915,69296.3144361601,60127.9393575616,70425.4064277273,76350.4550416502,82138.7892973557,86040.5309851288,..
GDP per capita (current US$),NY.GDP.PCAP.CD,India,IND,371.085936203765,442.750218937263,1707.50892912243,1950.10468280866,1966.25455171679,2041.42863698585,1907.04251637669,2239.61384367482,2347.44829434623,2530.12031278204,2694.73780859961,..
GDP per capita (current US$),NY.GDP.PCAP.CD,Indonesia,IDN,578.420121135382,763.711124950924,3521.46943457574,3798.88326174526,3860.95353090726,4106.94856160358,3853.70288774146,4287.17313995098,4730.83484836107,4876.30774512252,4925.43048751861,..
GDP per capita (current US$),NY.GDP.PCAP.CD,"Iran, Islamic Rep.",IRN,2137.94222739877,1650.01385833785,5710.59947089104,6000.93346404409,4783.01067340237,3997.4935449585,3202.50003502169,4605.14881318992,4721.20437099984,5049.29931642754,5190.16959024821,..
GDP per capita (current US$),NY.GDP.PCAP.CD,Iraq,IRQ,10261.4157706888,1980.18916038782,4334.42096404188,4759.2846435467,5646.68932074742,5671.8568632942,4295.18945121228,4868.49431080783,6520.73154560584,5965.31835077761,6073.61032342708,..
GDP per capita (current US$),NY.GDP.PCAP.CD,Ireland,IRL,14031.3025675469,26334.5672050501,64129.5571542383,72161.4047531385,80804.1123164826,81827.6688873996,86514.0706108754,103783.446284479,105190.685952731,106818.917130804,112894.953240805,..
GDP per capita (current US$),NY.GDP.PCAP.CD,Isle of Man,IMN,11049.8949396235,21161.3963073772,82025.9454509241,83481.3038489014,89393.8244248812,87127.5517977404,79513.5330346598,94299.969348965,88328.548125887,..,..,..
GDP per capita (current US$),NY.GDP.PCAP.CD,Israel,ISR,13308.311060238,21706.5194056329,37671.5389138798,41138.470964272,42362.6652754196,44250.6313628073,44575.5719045492,52270.9040241956,54949.621556429,52003.7200729997,54176.6844383302,..
GDP per capita (current US$),NY.GDP.PCAP.CD,Italy,ITA,20873.7834092719,20190.0035636084,31391.5692898108,32844.115660604,34904.1081923834,33812.788724868,32091.4866621366,36852.5425414951,35653.9042103495,39277.0838783918,40385.3413957669,..
GDP per capita (current US$),NY.GDP.PCAP.CD,Jamaica,JAM,1929.59891905857,3453.09252800226,5302.29553353854,5605.43541173019,5976.90362644337,6030.68896415921,5299.04530804283,5625.67806271236,6626.47502388538,7542.40084275345,7753.8006955432,..
GDP per capita (current US$),NY.GDP.PCAP.CD,Japan,JPN,25801.3950393094,39169.3595701504,39375.4731620781,38834.0529341227,39751.1330982711,40415.9567649547,40028.7341726762,40094.5599795288,34065.6438962526,33836.1756271617,32487.0778047567,..
GDP per capita (current US$),NY.GDP.PCAP.CD,Jordan,JOR,1148.59005469899,1570.61002940477,3986.71677010853,4065.61628749384,4145.43989673265,4170.1144003465,4022.0401356135,4183.49998326866,4332.25159897931,4466.08314208575,4618.09592498567,..
GDP per capita (current US$),NY.GDP.PCAP.CD,Kazakhstan,KAZ,1570.00883112591,1180.0444563226,7475.56688689424,8943.08416791984,9472.48527327758,9457.12614657136,8781.50797787648,9983.60103576902,11255.3396437881,12879.4275257974,14154.6324958076,..
GDP per capita (current US$),NY.GDP.PCAP.CD,Kenya,KEN,374.458992895562,414.626365130846,1554.12610314423,1667.48447230835,1836.45275528993,1960.40808854893,1927.66459027849,2061.35622089594,2109.56288513137,1942.58802756191,2132.43452097647,..
GDP per capita (current US$),NY.GDP.PCAP.CD,Kiribati,KIR,488.067527876014,845.367240231973,1742.66799324117,1853.05122713319,1912.73809378187,1750.9977188915,1751.78249168214,2222.04819501897,2069.7671726925,2177.70125812262,2288.63471423684,..
GDP per capita (current US$),NY.GDP.PCAP.CD,"Korea, Dem. People's Rep.",PRK,..,..,..,..,..,..,..,..,..,..,..,..
GDP per capita (current US$),NY.GDP.PCAP.CD,"Korea, Rep.",KOR,6812.9019416767,12710.2995795579,30832.0628072516,33296.9845439195,35363.9508228687,33826.9443301597,33645.7719545073,37518.4635305697,34822.4048404971,35674.095995632,36238.639908315,..
GDP per capita (current US$),NY.GDP.PCAP.CD,Kosovo,XKX,..,..,3759.44959067104,4009.32022050863,4384.18796444738,4415.99923011071,4310.88963754863,5270.43236861018,5290.95006509706,6221.20618847799,7023.06598512878,..
GDP per capita (current US$),NY.GDP.PCAP.CD,Kuwait,KWT,10937.5415268808,19296.3471698729,27323.6890735517,29047.6536135703,32067.9623756889,31707.8737443551,25236.0755848941,34018.6342592913,39981.7691035833,34075.849012909,32717.7186631255,..
GDP per capita (current US$),NY.GDP.PCAP.CD,Kyrgyz Republic,KGZ,605.798144966488,279.621738464365,1103.27489428412,1221.39046807082,1283.5203037417,1421.99927504102,1229.51766602907,1349.99730650542,1739.72018344174,2138.22210211478,2420.18542283831,..
GDP per capita (current US$),NY.GDP.PCAP.CD,Lao PDR,LAO,200.7349054896,318.749852236965,2303.22156035363,2432.43059478511,2545.1075420815,2589.32081035237,2583.77730696131,2526.05105018529,2046.40440255621,2066.94979776957,2123.97909415109,..
GDP per capita (current US$),NY.GDP.PCAP.CD,Latvia,LVA,..,3278.17896440803,13838.5266823272,15132.4958333982,17252.1710428626,17294.9751600969,17564.2321549354,20261.8887788916,20221.103686109,22710.2637544197,23409.0845154775,..
GDP per capita (current US$),NY.GDP.PCAP.CD,Lebanon,LBN,789.526338484738,3986.83513941026,8089.012088155,8608.21084982387,9174.53666204759,8905.88005497437,5561.19166950397,4045.37391066234,3654.35845534878,3477.72489842684,..,..
GDP per capita (current US$),NY.GDP.PCAP.CD,Lesotho,LSO,329.563785157203,442.779545779081,992.491840678465,1069.36673247542,1170.65569702819,1082.05706777516,918.582574704447,1066.58645143823,1030.12582947757,916.282976983803,971.90771824829,..
GDP per capita (current US$),NY.GDP.PCAP.CD,Liberia,LBR,172.867610123278,298.485340578945,714.613063145659,699.269095727404,692.203127129794,658.164180770507,616.787867006715,667.96610514319,744.617175237387,799.194470229642,851.497723870206,..
GDP per capita (current US$),NY.GDP.PCAP.CD,Libya,LBY,6502.27886565421,7214.10040377084,7525.80299308216,9965.83236729757,11196.5854810844,9963.19489084483,6650.33810585348,4935.82787349801,5986.63694851258,6026.51518708812,6569.16408678648,..
GDP per capita (current US$),NY.GDP.PCAP.CD,Liechtenstein,LIE,49457.5609343203,76087.911114202,165375.491396259,170547.092298954,174988.775083446,166907.839305016,164671.093553454,201944.830335076,188055.003235348,206780.590353385,..,..
GDP per capita (current US$),NY.GDP.PCAP.CD,Lithuania,LTU,..,3300.63634928559,14934.2702840428,16800.1510246099,19247.2315367967,19608.7943945553,20428.6478157394,23870.4594851722,25085.784063499,27786.0057829276,29384.0189598663,..
GDP per capita (current US$),NY.GDP.PCAP.CD,Luxembourg,LUX,33465.478207919,48659.5988753233,106899.293549552,110193.213797228,116926.759593905,112696.649059674,116860.02817236,134965.815442152,123719.658915996,133230.619178899,137781.681659123,..
GDP per capita (current US$),NY.GDP.PCAP.CD,"Macao SAR, China",MAC,9692.43538809962,15731.4081633771,68911.6755919628,77570.9876166977,83588.2875009014,81882.6964523869,36883.6652578543,44884.8961602393,36806.891255461,67216.3631112124,72004.7437020733,..
GDP per capita (current US$),NY.GDP.PCAP.CD,Madagascar,MDG,326.099253221978,280.282905559649,453.970714522463,491.866848718929,500.45718552916,499.818837622534,450.771615201509,483.469463351195,503.51453347296,508.718427705591,544.987501003384,..
GDP per capita (current US$),NY.GDP.PCAP.CD,Malawi,MWI,286.730598968269,224.22415918428,450.506105510719,495.769683367165,533.202567189331,580.889139762475,602.507478176106,617.446994451007,604.269740360317,633.214767978695,522.570393642547,..
GDP per capita (current US$),NY.GDP.PCAP.CD,Malaysia,MYS,2468.69080320116,4083.52874483605,9476.53409809923,9862.54806612235,10901.8019954421,10920.191763972,9957.52626697613,10903.1037480772,11754.5678336248,11386.0395636528,11874.4273684245,..
GDP per capita (current US$),NY.GDP.PCAP.CD,Maldives,MDV,956.763019768672,2213.81235053178,9947.80744731739,10509.628805812,11423.2838427029,11740.2724029785,7393.8886543933,10176.143882547,11786.0191492983,12587.6126038651,13379.3513577224,..
GDP per capita (current US$),NY.GDP.PCAP.CD,Mali,MLI,353.903252431339,304.652870194271,872.468587171653,924.057531692284,996.379292136901,971.949318638092,953.242943290974,1027.27345365357,976.914116406452,1043.9533853528,1094.61949265799,..
GDP per capita (current US$),NY.GDP.PCAP.CD,Malta,MLT,7192.38994693962,10348.4858902403,26459.0770929988,30317.2443175543,33382.2677499267,32421.9179752262,31823.4363934505,38096.8360735119,35638.8869457406,40905.8059585057,43898.5781808597,..
GDP per capita (current US$),NY.GDP.PCAP.CD,Marshall Islands,MHL,1758.40820990836,2264.79114897645,4229.80988911945,4592.83457628576,4858.12079054875,5292.33985502306,5661.96787336674,6315.31279603534,6455.66062185762,6793.24495895856,7726.33668877794,..
GDP per capita (current US$),NY.GDP.PCAP.CD,Mauritania,MRT,772.033092140219,680.911061879778,1565.76575722696,1615.00401327323,1722.93528854073,1767.072710621,1795.76459566714,1947.78918383313,1960.35240077424,2135.78187606359,2110.12036938187,..
GDP per capita (current US$),NY.GDP.PCAP.CD,Mauritius,MUS,2539.92846467452,3981.98343249582,10095.1225574156,10986.7034093005,11818.7480619272,11568.2533399824,9135.84773751062,9177.71195973013,10246.5017455553,11269.9684462139,11990.7798944837,..
GDP per capita (current US$),NY.GDP.PCAP.CD,Mexico,MEX,3154.46920349038,7524.0271380091,9097.92397674769,9649.27816772402,10084.7937562021,10369.5553585271,8841.27075039868,10314.0506722115,11405.7940473759,13860.9597809326,14185.7812248529,..
GDP per capita (current US$),NY.GDP.PCAP.CD,"Micronesia, Fed. Sts.",FSM,1459.04369201491,2049.3453246655,2979.60119184048,3279.10779039285,3566.58690371125,3572.65918282222,3362.02802120524,3508.22314197664,3710.12451611752,3919.64307910859,4166.00476748564,..
GDP per capita (current US$),NY.GDP.PCAP.CD,Moldova,MDA,1206.50208704977,440.538683980372,2847.08794770479,3453.26727720294,4156.44981956646,4405.33418162155,4375.7788930524,5274.60582195352,5744.29618434435,6799.58594644576,7576.19589413326,..
GDP per capita (current US$),NY.GDP.PCAP.CD,Monaco,MCO,81734.8664968011,81789.0206522549,173604.753555915,170663.375247872,188298.315668437,193746.785647412,176891.886538492,223823.363960226,226052.001905201,256799.788612806,288001.433369041,..
GDP per capita (current US$),NY.GDP.PCAP.CD,Mongolia,MNG,1220.17127664137,476.02755082717,3619.90026383792,3645.96708669551,4107.64288528468,4347.54610314873,4001.25193077703,4517.61578018785,4993.51487463495,5838.63108083902,6750.6301157724,..
GDP per capita (current US$),NY.GDP.PCAP.CD,Montenegro,MNE,..,1627.06511911987,6968.01539365317,7674.2813940676,8673.59128084795,8749.02375172644,7538.53635992191,9317.15520065156,10024.5435616209,12259.8775034436,13263.3281277699,..
GDP per capita (current US$),NY.GDP.PCAP.CD,Morocco,MAR,1229.07104492188,1499.107421875,3140.85546875,3296.52661132813,3501.69799804688,3508.09765625,3268.0302734375,3785.93627929688,3463.1376953125,3813.72607421875,4153.1943359375,..
GDP per capita (current US$),NY.GDP.PCAP.CD,Mozambique,MOZ,..,327.12623979157,441.489734819071,470.93856305196,517.507260258101,519.09255091362,462.433876479921,509.907829475551,578.251663751351,622.000297682823,656.776824637306,..
GDP per capita (current US$),NY.GDP.PCAP.CD,Myanmar,MMR,53.1225401094506,196.619580625284,1229.19713491328,1272.82241815234,1298.21310327675,1425.98954241668,1490.21683599469,1242.7213439951,1158.05005055976,1233.19666209269,1359.05001560107,..
GDP per capita (current US$),NY.GDP.PCAP.CD,Namibia,NAM,2037.47589359778,2156.67590512714,4395.68776162376,5143.96072323076,5308.60813408705,4731.9210318831,3878.58982993966,4412.8355693052,4349.79908493314,4187.60500396525,4413.12752211572,..
GDP per capita (current US$),NY.GDP.PCAP.CD,Nauru,NRU,5775.55347423089,2648.60152860938,8748.15632605428,9656.97976571484,11413.7463016389,10801.7705659635,10709.068810538,14979.099896799,12911.9086441381,12752.4723855838,13609.158837552,..
GDP per capita (current US$),NY.GDP.PCAP.CD,Nepal,NPL,185.794600449903,223.830289183078,877.256454696737,1034.28374906846,1179.19843190389,1203.14294706401,1154.21517578318,1252.75076731986,1385.91066274851,1382.33055769304,1447.31004458428,..
GDP per capita (current US$),NY.GDP.PCAP.CD,Netherlands,NLD,21322.1944802703,26225.1697734149,46808.5291492503,49513.6817346384,53955.0770024266,53554.9007491475,53467.9277413737,60141.9880911492,59123.318556487,63515.6030780019,67520.4218956281,..
GDP per capita (current US$),NY.GDP.PCAP.CD,New Caledonia,NCL,14334.6807372176,15329.7297200058,30782.8544433514,32354.7102832901,34902.8968780031,33411.3358835672,33270.330597637,35311.5543551452,33516.363085906,33701.8923322781,29213.1923192946,..
GDP per capita (current US$),NY.GDP.PCAP.CD,New Zealand,NZL,13663.0216184298,13641.1027183822,40113.7195382428,42950.3841711138,43257.0769238879,42855.831861632,41997.7830324279,49950.4251691316,49099.7090423358,49075.9562832927,49205.1792146792,..
GDP per capita (current US$),NY.GDP.PCAP.CD,Nicaragua,NIC,242.508390600822,1017.3124434882,2131.68704828322,2182.61380995674,2035.16549390507,1958.62051528095,1938.44704754382,2138.38588469449,2322.89053964583,2609.44492072931,2847.53966339498,..
GDP per capita (current US$),NY.GDP.PCAP.CD,Niger,NER,423.887460599302,194.771959898935,502.706475406446,521.804130023434,578.568035680892,561.691304349698,579.512495758236,608.722439593808,609.745147574878,638.336080897887,735.270255787226,..
GDP per capita (current US$),NY.GDP.PCAP.CD,Nigeria,NGA,556.376449130902,547.318298903379,2070.4127339595,1876.34027111773,2057.87944554011,3189.81286498516,2797.18458068686,2787.48779224428,2899.16047470324,2138.76383719983,1084.16041805436,..
GDP per capita (current US$),NY.GDP.PCAP.CD,North Macedonia,MKD,2277.30372314314,1861.89899780644,5598.48622617967,5955.2973863451,6713.98925398989,6718.85826635458,6659.59651070776,7620.80296977508,7606.2375253797,8674.35846327485,9291.85661671864,..
GDP per capita (current US$),NY.GDP.PCAP.CD,Northern Mariana Islands,MNP,..,..,24225.474169342,31225.6049960968,26509.3628379893,24496.6652122421,18220.8382427201,19455.50139424,23785.754590043,..,..,..
GDP per capita (current US$),NY.GDP.PCAP.CD,Norway,NOR,28242.981402822,38178.2368777076,70867.3609970749,76131.8384032764,82792.8427113304,76430.5889473338,68340.0181033702,93072.8925119571,109269.520580298,87497.2179649556,86785.4334489176,..
GDP per capita (current US$),NY.GDP.PCAP.CD,Oman,OMN,7545.70305230441,9753.84755185404,17110.1897460545,17820.0661809335,19901.7615642016,19180.1864152801,16784.8630630058,19403.4600160211,23223.5829405935,21027.7384778886,20285.2272897377,..
GDP per capita (current US$),NY.GDP.PCAP.CD,Pakistan,PAK,344.45547384189,642.338346499898,1424.69161195897,1519.23459514248,1569.33814626355,1390.41690981745,1278.39735206896,1455.31922370186,1538.3228133171,1360.32417758419,1478.77277977996,..
GDP per capita (current US$),NY.GDP.PCAP.CD,Palau,PLW,6402.929615309,7798.07504193852,17150.4759377239,16401.7847567871,16166.9671073752,15846.7968470167,14708.2119536914,13009.2481630213,13729.7602761496,15610.8231931032,..,..
GDP per capita (current US$),NY.GDP.PCAP.CD,Panama,PAN,2620.13827266274,3975.09310275544,14832.3611652459,15694.6297518495,16151.3273433486,16477.9066268111,13290.5608397749,15509.8069124139,17378.6070017557,18797.1933994045,19161.2188501596,..
GDP per capita (current US$),NY.GDP.PCAP.CD,Papua New Guinea,PNG,826.317152082832,635.957919047725,2316.39479758492,2477.76530986323,2566.36833735041,2575.77274140393,2429.61134585269,2607.57861874444,3102.28968594061,2966.06830432055,3006.70564478923,..
GDP per capita (current US$),NY.GDP.PCAP.CD,Paraguay,PRY,1440.15829610029,1736.11729210765,5775.15963399596,6152.2671153779,6258.44991640984,5821.18199548738,5365.47220721104,5976.93179789949,6205.62595379319,6299.99026533713,6416.09708970845,..
GDP per capita (current US$),NY.GDP.PCAP.CD,Peru,PER,1199.66666756615,1945.41338451698,6217.03599995447,6736.16693725487,6978.49121548627,7037.00803692604,6133.32552410183,6826.20255614477,7350.63034300417,7887.54185920108,8452.37167056621,..
GDP per capita (current US$),NY.GDP.PCAP.CD,Philippines,PHL,803.572588255813,1050.79273107952,2985.19564024046,3038.12124959289,3168.51036609727,3400.78949767074,3227.57910235199,3484.38593882819,3548.06930572116,3804.08274131097,3984.8315387656,..
GDP per capita (current US$),NY.GDP.PCAP.CD,Poland,POL,1731.2095094382,4520.64100449111,12464.0110508476,13913.3402919927,15658.2120316794,15874.5220531254,16150.9304813473,18635.5104895754,18891.2121169279,22145.2660647429,25103.565661423,..
GDP per capita (current US$),NY.GDP.PCAP.CD,Portugal,PRT,7884.61798756332,11526.3720667968,19980.2808866516,21442.3842768879,23541.1401075289,23343.3628970034,22299.4044062173,24711.4510062111,24620.5197587181,27634.6183139773,29292.242104753,..
GDP per capita (current US$),NY.GDP.PCAP.CD,Puerto Rico (US),PRI,8652.50749222505,16192.1269719638,29978.0889268918,30328.479490518,30679.9181934488,31830.5284993358,31427.1130762831,32619.0704601174,35353.6821570014,36980.7884784287,39343.7154660139,..
GDP per capita (current US$),NY.GDP.PCAP.CD,Qatar,QAT,16721.6207714589,27535.182940934,61253.6217997091,63279.8767486216,71039.9308240078,66841.3623185691,51683.5681078949,71751.9363398856,88701.4689763536,81816.9797967481,76688.6941743178,..
GDP per capita (current US$),NY.GDP.PCAP.CD,Romania,ROU,1648.48522974542,1659.92904910528,9404.54005870715,10727.9822007426,12416.134317959,12909.6104013244,13009.1770573223,14907.9803652143,15503.551804598,18244.4186876321,20080.2096215595,..
GDP per capita (current US$),NY.GDP.PCAP.CD,Russian Federation,RUS,3494.06323242188,1771.59411621094,8663.158203125,10658.9130859375,11211.8876953125,11447.701171875,10108.3271484375,12425.029296875,15619.6142578125,14159.3876953125,14889.0185546875,..
GDP per capita (current US$),NY.GDP.PCAP.CD,Rwanda,RWA,345.773495134655,251.86926386091,729.519133812945,758.300966509647,771.773511207309,810.051412137354,778.701498925026,829.544845263697,975.469323735369,1027.03446826565,999.65456165547,..
GDP per capita (current US$),NY.GDP.PCAP.CD,Samoa,WSM,743.994213008355,1424.75240002471,4147.07097674888,4307.59381964907,4231.81409469194,4351.94234943706,4099.59660548583,4021.55934894283,4132.44717734444,4822.74084650019,5392.87761915762,..
GDP per capita (current US$),NY.GDP.PCAP.CD,San Marino,SMR,..,37600.7077379601,44359.4797662688,45192.0279766943,47950.6880557136,46630.1443120725,44326.9556746411,54176.4798021628,54190.8417700372,59879.7173015651,..,..
GDP per capita (current US$),NY.GDP.PCAP.CD,Sao Tome and Principe,STP,970.059625606155,529.089383412262,1434.87018050521,1555.79477812888,1825.59971753966,1935.2931816596,2167.22001796925,2362.58827248102,2389.73729784737,2990.6606143535,3490.56883486557,..
GDP per capita (current US$),NY.GDP.PCAP.CD,Saudi Arabia,SAU,11054.7495049666,11714.5623675159,22267.7217050387,23929.2907135982,29360.0658968566,29566.7933827436,24338.8307301067,31920.7653655643,38510.2276211037,36156.848337701,35121.6628687742,..
GDP per capita (current US$),NY.GDP.PCAP.CD,Senegal,SEN,957.314337438177,603.233162455158,1266.43957151587,1356.80518449031,1452.55612562445,1431.18128932159,1461.08720350553,1598.10676952274,1574.0281059306,1698.03387300843,1773.21829923448,..
GDP per capita (current US$),NY.GDP.PCAP.CD,Serbia,SRB,..,974.725469278615,5982.37030126471,6548.03653824187,7559.86165747394,7755.632986437,8098.70955668849,9680.52798074468,10024.8191112596,12281.707946167,13679.2065983557,..
GDP per capita (current US$),NY.GDP.PCAP.CD,Seychelles,SYC,5642.072897243,8063.65500575169,16566.9946042294,17480.3651911372,18440.2340460932,19141.5118743615,14041.4754074575,14982.9111487767,16836.6721895387,18262.7115849287,17858.8226383978,..
GDP per capita (current US$),NY.GDP.PCAP.CD,Sierra Leone,SLE,154.794072467618,143.743743239644,844.416411175476,779.186007841728,845.914540460932,843.712517809977,845.277557920549,885.396401885395,860.371067916096,758.329137378248,806.654650417726,..
GDP per capita (current US$),NY.GDP.PCAP.CD,Singapore,SGP,11861.7561591366,23852.8389514753,57005.5887176547,61236.251270627,66881.6067035265,65952.0378959293,61410.0792630788,80056.1288247844,90299.0694637269,85412.230345235,90674.066632628,..
GDP per capita (current US$),NY.GDP.PCAP.CD,Sint Maarten (Dutch part),SXM,..,..,37308.6147795736,34701.3058494468,31708.3110124742,34861.469528968,30150.8998380477,32548.4366854902,37793.1284399157,39451.8223361963,41472.5874498583,..
GDP per capita (current US$),NY.GDP.PCAP.CD,Slovak Republic,SVK,2437.17517010845,5421.6448441887,16636.0769133073,17645.5298716761,19573.3717031314,19406.0589683582,19735.4858280801,22123.3342114545,21317.7943982363,24614.8734642794,25992.6748502048,..
GDP per capita (current US$),NY.GDP.PCAP.CD,Slovenia,SVN,9925.14071044684,10135.7219109212,21447.8377796036,23303.077705959,25888.0481065655,25814.1687167572,25392.0651093612,29192.8401933019,28360.3041467268,32660.4753581346,34301.0318686594,..
GDP per capita (current US$),NY.GDP.PCAP.CD,Solomon Islands,SLB,648.325212624098,953.17190137706,2082.62383124213,2143.57670489272,2278.19908624102,2223.65890942466,2063.32780991967,2043.44413170658,1877.78104490956,1882.64394148042,1933.55538435227,..
GDP per capita (current US$),NY.GDP.PCAP.CD,"Somalia, Fed. Rep.",SOM,145.603501373513,386.119274401275,460.928490585175,510.939952317726,509.497273804534,539.954816211694,518.16113333875,549.056994756254,573.141165798229,596.885985135589,629.538899449007,..
GDP per capita (current US$),NY.GDP.PCAP.CD,South Africa,ZAF,3093.48920352334,3217.84693448467,5651.20585165749,6618.33508255701,6914.1780318076,6533.71121032856,5580.60383075189,6828.75624590017,6534.24867783397,6034.27208964673,6267.186814093,..
GDP per capita (current US$),NY.GDP.PCAP.CD,South Sudan,SSD,..,..,..,..,..,..,..,..,..,..,..,..
GDP per capita (current US$),NY.GDP.PCAP.CD,Spain,ESP,13795.0159385128,14743.2671031455,26755.6061149398,28381.3425596906,30602.4212881113,29786.5245689007,27233.9426461608,30799.4775937775,30319.4987196616,33493.2225409111,35326.7683069278,..
GDP per capita (current US$),NY.GDP.PCAP.CD,Sri Lanka,LKA,491.213686238493,860.199884304769,4149.19190775593,4398.88828068715,4358.56095906047,4081.94772722003,3847.60137695639,3996.96240014909,3342.63650253855,3798.89016573011,4515.56787322732,..
GDP per capita (current US$),NY.GDP.PCAP.CD,St. Kitts and Nevis,KNA,5373.44824048425,9319.65545093525,21387.5415511103,22464.9899633959,22901.3816403197,23595.4923231291,18859.0190361046,18361.1449697886,21011.5744209816,22576.9248439166,23960.6534357084,..
GDP per capita (current US$),NY.GDP.PCAP.CD,St. Lucia,LCA,4204.57161863111,5879.56191426207,10638.1269396653,11333.1123822102,11642.6984727769,11794.0597229805,8411.07474936367,10459.1321248092,13103.8243147472,13554.7684784933,14181.6303351598,..
GDP per capita (current US$),NY.GDP.PCAP.CD,St. Martin (French part),MAF,..,..,..,..,..,19033.0649634889,..,21668.3776525323,..,..,..,..
GDP per capita (current US$),NY.GDP.PCAP.CD,St. Vincent and the Grenadines,VCT,2149.73944358984,3768.95536604022,7656.90042881178,7988.04445019298,8428.12677153069,8740.59425232061,8351.20324040982,8641.27904024443,9693.55867833025,10582.3656725229,11501.2265187188,..
GDP per capita (current US$),NY.GDP.PCAP.CD,Sudan,SDN,1257.1875,362.116882324219,1033.21594238281,966.505676269531,731.027465820313,709.975280761719,577.795227050781,712.122009277344,1046.24084472656,797.283447265625,984.607666015625,..
GDP per capita (current US$),NY.GDP.PCAP.CD,Suriname,SUR,941.591736102188,1988.22172925433,5644.2061057532,6049.52128553675,6665.74180472239,6629.66775248603,4755.39221710693,5029.84838543953,6084.43876736445,5521.97602122638,6961.78955961526,..
GDP per capita (current US$),NY.GDP.PCAP.CD,Sweden,SWE,30549.3185706762,29632.5890811623,51703.5088332851,53210.2233318965,54018.4554391861,51648.9892820514,52568.5726980146,60647.5416365347,54836.8907235124,54950.2834725622,57117.4877440616,..
GDP per capita (current US$),NY.GDP.PCAP.CD,Switzerland,CHE,39574.5398083788,38865.021939688,82153.0745447889,82254.3769269767,85217.3691512274,84121.9310304414,85897.7843338323,93664.7736696111,94394.5106803525,100623.549627296,103998.186685604,..
GDP per capita (current US$),NY.GDP.PCAP.CD,Syrian Arab Republic,SYR,978.489616979607,1138.1884854278,656.3490586313,851.502005254153,1098.0668642357,1109.53926036049,572.355289831901,663.614245706815,1051.67149587463,..,..,..
GDP per capita (current US$),NY.GDP.PCAP.CD,Tajikistan,TJK,487.03612866309,136.925716400723,788.710481734485,829.45714764957,834.288404578801,871.022372934846,834.311715460625,896.748053372182,1052.17949484894,1178.47990060249,1341.20229027672,..
GDP per capita (current US$),NY.GDP.PCAP.CD,Tanzania,TZA,243.611557006836,401.698150634766,953.0107421875,986.674011230469,1023.10626220703,1063.32250976563,1117.41528320313,1159.85656738281,1207.52062988281,1224.00219726563,1186.71691894531,..
GDP per capita (current US$),NY.GDP.PCAP.CD,Thailand,THA,1559.11209344755,2005.97694514234,5833.57715617098,6413.09182530343,7099.77650081458,7605.69657797759,6985.64393892574,7057.20754802279,6909.35281815827,7195.10130919449,7346.62022142185,..
GDP per capita (current US$),NY.GDP.PCAP.CD,Timor-Leste,TLS,168.621010199317,492.457637913906,1335.54391073349,1266.17771143471,1219.46599728983,1562.36458068032,1630.86938521256,2684.92676774277,2343.24954740187,1502.41147438211,1331.9705130185,..
GDP per capita (current US$),NY.GDP.PCAP.CD,Togo,TGO,575.094511928654,409.889802792768,772.581357620609,792.765700965864,851.120561233595,826.255209019798,863.468665870276,962.075187515872,951.232378690387,1055.01727877926,1119.38160509429,..
GDP per capita (current US$),NY.GDP.PCAP.CD,Tonga,TON,1139.0553819198,1995.07667546271,3987.98626206287,4365.92932788383,4675.04791274385,4788.83342304684,4792.35854741522,4922.80171378368,5298.01941509951,5651.59373063157,..,..
GDP per capita (current US$),NY.GDP.PCAP.CD,Trinidad and Tobago,TTO,4047.25093594674,6178.58975559687,17449.1538801956,17566.0999700656,17571.498737278,17212.6128892163,15283.6270531554,17712.5674104655,20750.5202434652,18308.4536298575,18733.4110406494,..
GDP per capita (current US$),NY.GDP.PCAP.CD,Tunisia,TUN,1476.43160477311,2199.04465936314,3847.80354448809,3619.03247319953,3628.10366464236,3528.87213306798,3548.65363663803,3906.93926319391,3707.29283414381,3951.11683376921,4181.13789301228,..
GDP per capita (current US$),NY.GDP.PCAP.CD,Turkiye,TUR,2689.52621921233,4199.3798635759,10984.3643169061,10756.3877677883,9684.11819884721,9395.23378001368,8798.11791709313,9981.76398411336,10897.8397861365,13375.0947282864,15892.7157287241,..
GDP per capita (current US$),NY.GDP.PCAP.CD,Turkmenistan,TKM,848.155047388424,633.835487638011,5686.98040962764,5828.4816623489,6125.05169712085,5998.0017434754,5972.72356566861,5723.30227157906,5837.84224538947,6231.91323839698,6856.65802730208,..
GDP per capita (current US$),NY.GDP.PCAP.CD,Turks and Caicos Islands,TCA,..,..,31373.5612684327,30014.2309523213,31625.616593277,31780.5217068989,20690.9160546118,27329.2885087196,31280.5418020808,35470.2151608295,37506.7798431288,..
GDP per capita (current US$),NY.GDP.PCAP.CD,Tuvalu,TUV,1084.66707221699,1579.41906275542,3808.69755015909,4165.66338700106,4466.12034928245,5115.13075950206,4976.11254109571,5905.08198095343,5911.32727055301,6344.7750188689,..,..
GDP per capita (current US$),NY.GDP.PCAP.CD,Uganda,UGA,244.987168126806,258.050338731086,752.696571725656,765.218332297361,792.16570022814,822.171150036357,845.766463890124,882.791717542504,963.067314117178,1002.30913917142,1077.91278452817,..
GDP per capita (current US$),NY.GDP.PCAP.CD,Ukraine,UKR,1563.63415527344,653.294311523438,2158.46118164063,2604.28759765625,3059.0517578125,3619.86157226563,3709.76928710938,4775.94580078125,4199.6708984375,5139.59814453125,5389.47314453125,..
GDP per capita (current US$),NY.GDP.PCAP.CD,United Arab Emirates,ARE,26709.993440327,29865.502347066,42721.0999383185,43733.6192287435,47135.3591943971,45938.6073581994,37991.7492971665,44118.5047192771,50759.7589231191,49850.6872175164,50273.5060469837,..
GDP per capita (current US$),NY.GDP.PCAP.CD,United Kingdom,GBR,19095.4669984608,28383.8761094996,41257.9085545556,40916.8115070354,43702.9976303165,43158.7411267323,40812.6794663879,47691.3768799404,47057.043229179,49944.4702124201,53246.3676145108,..
GDP per capita (current US$),NY.GDP.PCAP.CD,United States,USA,23888.6000088133,36329.9560727102,57638.1018367192,59635.0984397965,62499.8744390068,64746.4506778863,63515.9491807833,70205.050916026,76657.2488844403,81032.262117545,84534.0407841548,..
GDP per capita (current US$),NY.GDP.PCAP.CD,Uruguay,URY,2995.36105663465,6987.70098766257,17009.7584207276,19184.6502617082,19249.9404677501,18315.7316980028,15757.5355995779,17881.818721099,20818.6146091144,23019.4221560046,23906.5133029408,..
GDP per capita (current US$),NY.GDP.PCAP.CD,Uzbekistan,UZB,652.9376529256,555.149231099186,2753.37951427589,2190.60411562888,1813.08530813664,2041.38480729431,1978.28051860763,2258.51964119278,2578.66689394219,2878.96879292451,3161.70010632875,..
GDP per capita (current US$),NY.GDP.PCAP.CD,Vanuatu,VUT,1140.59020311724,1460.23817692229,2956.12644801489,3159.86055790126,3206.65748718811,3207.44650452083,3042.98711598286,3107.20312858002,3370.21191956953,3482.61458237637,3410.77023167097,..
GDP per capita (current US$),NY.GDP.PCAP.CD,"Venezuela, RB",VEN,2451.5523114567,4776.2816763938,3670.15737848208,3791.33160682077,3422.65467014854,2523.11275230667,1506.0436210041,2004.93397949792,3155.04207099687,3617.43594578269,4217.59102643391,..
GDP per capita (current US$),NY.GDP.PCAP.CD,Viet Nam,VNM,98.7983370311401,404.029784055118,2735.0604380416,2956.10992127753,3222.31003125366,3440.90025375434,3534.03953482647,3704.1935590038,4147.69777213621,4323.35031982451,4717.29028732449,..
GDP per capita (current US$),NY.GDP.PCAP.CD,Virgin Islands (U.S.),VIR,..,..,35324.9748874586,35365.0693039774,36663.2087550584,38633.5298915336,39787.3741650202,42571.0777368471,44320.909185774,..,..,..
GDP per capita (current US$),NY.GDP.PCAP.CD,West Bank and Gaza,PSE,..,1476.17185000238,3527.61382413178,3620.36048715937,3562.33094270256,3656.85827137011,3233.56863835858,3678.63565662194,3799.95527015163,3455.02852911712,2592.30591217647,..
GDP per capita (current US$),NY.GDP.PCAP.CD,"Yemen, Rep.",YEM,910.422465960748,493.235182634814,975.359417003225,811.165970405745,633.887202451545,..,..,..,..,..,..,..
GDP per capita (current US$),NY.GDP.PCAP.CD,Zambia,ZMB,422.336298804219,359.429500988221,1239.08527877713,1483.46577328065,1463.89997855593,1258.98619844462,951.644316655957,1127.16077872857,1447.12310138035,1330.72780576709,1187.10943350064,..
GDP per capita (current US$),NY.GDP.PCAP.CD,Zimbabwe,ZWE,866.928868406131,562.833757496076,1408.13945253431,3445.44941020134,2270.89531874302,2184.32923855469,2059.67445384499,2613.60542083552,2536.40050223076,2195.22492079245,2497.20332208763,..
GDP per capita (current US$),NY.GDP.PCAP.CD,Africa Eastern and Southern,AFE,822.402998906312,706.727260967009,1334.47050032928,1528.10422421284,1552.07372194919,1507.08559963484,1351.59166910879,1562.41617477738,1679.32762166466,1571.44918918981,1615.39635562849,..
GDP per capita (current US$),NY.GDP.PCAP.CD,Africa Western and Central,AFW,593.024667183284,518.969226054683,1630.03943895258,1574.23056437855,1720.14009242722,2216.38505520833,2030.86165860293,2112.79407637079,2138.47315259913,1841.85506354867,1411.33702938476,..
GDP per capita (current US$),NY.GDP.PCAP.CD,Arab World,ARB,2875.13083637641,2664.12520122649,6042.19675439672,6096.72395041636,6699.18058175457,6674.34224402621,5739.41283580539,6697.41498492196,7950.35581975672,7513.89907880749,7583.81170078144,..
GDP per capita (current US$),NY.GDP.PCAP.CD,Caribbean small states,CSS,3713.69534828331,6477.26482123395,13376.8057759012,13671.1377634132,13896.7409040963,13995.8548364074,11957.223222537,13995.2694921728,17456.3084845676,17596.5404249612,19903.8112311908,..
GDP per capita (current US$),NY.GDP.PCAP.CD,Central Europe and the Baltics,CEB,2457.17454927702,3959.62494896645,12874.699956166,14339.8243059389,16227.2484719489,16534.9264870407,16581.3526115028,19223.9274030651,19530.1553232172,22690.3736174216,24604.8068595604,..
GDP per capita (current US$),NY.GDP.PCAP.CD,Early-demographic dividend,EAR,936.989879630286,1346.2395395696,3223.9805446069,3457.64943157186,3463.50882263374,3483.31545469615,3187.03781234801,3698.98363187847,4043.82776331568,4252.59733415786,4450.18711937385,..
GDP per capita (current US$),NY.GDP.PCAP.CD,East Asia & Pacific,EAS,2642.45766205625,4103.33628080966,9965.00400107685,10566.2828244863,11438.8584591418,11622.8915284736,11639.4853357389,13336.4841670883,13139.2109813612,13176.1786055635,13405.735673015,..
GDP per capita (current US$),NY.GDP.PCAP.CD,East Asia & Pacific (excluding high income),EAP,416.938782261111,961.301422369963,6683.18386700353,7241.92533864361,8045.94630458507,8286.3981179292,8391.27634645494,9974.57829690175,10106.9935977814,10125.9095208645,10396.7957405051,..
GDP per capita (current US$),NY.GDP.PCAP.CD,East Asia & Pacific (IDA & IBRD countries),TEA,422.071410076561,972.833173916046,6758.74365728701,7323.51364847919,8136.37041895137,8379.36503263574,8485.32855185979,10086.4176067356,10220.4774431567,10239.8162178816,10513.9529323033,..
GDP per capita (current US$),NY.GDP.PCAP.CD,Euro area,EMU,18683.5116155586,20039.4002655128,35228.4854539428,37243.5651015997,40107.5362854643,39220.5136743355,38236.5543048506,42984.5697414154,41608.7123275598,45330.1093015768,46945.4188234427,..
GDP per capita (current US$),NY.GDP.PCAP.CD,Europe & Central Asia,ECS,10494.4746850409,11652.9290294061,22519.6408855547,23814.1197034605,25408.6379771601,25020.8648271756,24167.3551199699,27664.8914080918,27913.5882331645,29988.9022903108,31555.5207890657,..
GDP per capita (current US$),NY.GDP.PCAP.CD,Europe & Central Asia (excluding high income),ECA,1700.93581132748,1790.77072090719,5986.89723080084,6138.12063922999,5996.28775888893,6069.27407282315,5776.19343817718,6673.97429035651,7266.02243154199,8617.04840986329,9793.69205809432,..
GDP per capita (current US$),NY.GDP.PCAP.CD,Europe & Central Asia (IDA & IBRD countries),TEC,2374.40408071154,2044.35074576548,7659.54924391363,8575.46129195764,8911.87742979014,9058.74177112172,8478.35038656806,10014.5108823837,11421.1364427001,12129.8641155432,13337.4386956337,..
GDP per capita (current US$),NY.GDP.PCAP.CD,European Union,EUU,15470.4116881227,16976.0452668705,31456.8971280656,33394.5888043692,36054.953230113,35374.1403676934,34694.7035869195,39206.9791776084,38066.8844892624,41566.5741100785,43304.9642561331,..
GDP per capita (current US$),NY.GDP.PCAP.CD,Fragile and conflict affected situations,FCS,1121.80132830689,751.801263034453,1491.08080315915,1549.60952933559,1634.92965875473,1861.6533045303,1618.4798041022,1711.40128929758,1850.91743054769,1682.75058845476,1527.95809514037,..
GDP per capita (current US$),NY.GDP.PCAP.CD,Heavily indebted poor countries (HIPC),HPC,457.468692315205,377.459385908018,894.708764701024,943.132832332498,985.478210719267,983.900062178744,962.590226473892,1061.41414950431,1121.48387311982,1155.90445279924,1216.37508472564,..
GDP per capita (current US$),NY.GDP.PCAP.CD,High income,HIC,16573.1448542517,22374.3254750161,37057.8096501124,38776.5615949516,41094.8560877186,41342.2066107349,40108.2348602411,45081.6648348438,46553.1150181383,48608.1947665895,50302.6052129514,..
GDP per capita (current US$),NY.GDP.PCAP.CD,IBRD only,IBD,1055.09810400631,1477.69257780304,5534.81953332907,6053.30921793356,6394.19484299789,6476.07259783679,6191.51088391849,7314.52836425795,7699.23258826186,7925.3992413749,8219.91265703844,..
GDP per capita (current US$),NY.GDP.PCAP.CD,IDA & IBRD total,IBT,929.094250911923,1251.80798458527,4447.41739069513,4831.93005964107,5085.50217477104,5167.89523774326,4923.57218418891,5754.24675079938,6036.81374407089,6149.50554558945,6327.1439970487,..
GDP per capita (current US$),NY.GDP.PCAP.CD,IDA blend,IDB,529.418516423727,619.821306002406,1790.53787826053,1804.50559433385,1869.38204447614,2205.87361894796,2008.89632662853,2142.31172674601,2234.83616206483,1915.31328433422,1650.63788113049,..
GDP per capita (current US$),NY.GDP.PCAP.CD,IDA only,IDX,384.071674996326,372.859415968736,1054.10011053311,1110.744251052,1159.06134313704,1186.40559680864,1170.98051516892,1256.19296430735,1332.31730178708,1333.20971979026,1398.11181264033,..
GDP per capita (current US$),NY.GDP.PCAP.CD,IDA total,IDA,432.610564539922,458.298938832863,1314.0817741131,1355.23505457315,1408.95016839901,1544.27890067061,1464.52261402905,1566.13709936781,1647.52732460307,1536.08719237098,1485.92227405633,..
GDP per capita (current US$),NY.GDP.PCAP.CD,Late-demographic dividend,LTE,1068.50986715113,1677.20655312269,8297.33610796797,9138.44134545505,9966.81160876463,10120.3125161359,9873.93519864422,11759.7974990154,12286.0846812169,12437.9861721907,12874.1679137972,..
GDP per capita (current US$),NY.GDP.PCAP.CD,Latin America & Caribbean,LCN,2511.4430414948,4472.58404552831,8241.45140922665,9065.54817792866,8778.37906311973,8539.39776066424,7168.64740599577,8291.07156305024,9408.84820249156,10508.6472548025,10737.6463538652,..
GDP per capita (current US$),NY.GDP.PCAP.CD,Latin America & Caribbean (excluding high income),LAC,2437.12236336699,4290.89542947118,7977.19727122285,8827.8501051856,8484.48335233409,8282.78290882792,6904.27677369596,7970.6164425206,9111.34927084769,10196.271088969,10382.3911125152,..
GDP per capita (current US$),NY.GDP.PCAP.CD,Latin America & the Caribbean (IDA & IBRD countries),TLA,2439.30313189056,4388.92611014216,8082.02330614142,8918.30251254156,8620.46890240755,8362.63429845968,6964.3711102796,8075.78816650564,9174.55690452428,10260.5196915782,10474.2809944408,..
GDP per capita (current US$),NY.GDP.PCAP.CD,Least developed countries: UN classification,LDC,370.750124436066,333.3638860949,966.721782937566,1035.19428808636,1080.56177999961,1105.24693378698,1088.72161311357,1175.55718251136,1299.36172423082,1257.69806699331,1293.40100322932,..
GDP per capita (current US$),NY.GDP.PCAP.CD,Low & middle income,LMY,805.876785600706,1178.01096453065,4274.9314240157,4615.000484095,4853.74507668345,4943.24879858439,4732.82727829687,5524.24398933119,5741.78381882953,5856.29495195922,6002.45120765259,..
GDP per capita (current US$),NY.GDP.PCAP.CD,Low income,LIC,489.354554846981,361.877753824032,633.792954627598,634.710788724745,645.846067078285,645.998249720369,605.437906755342,651.812637638679,734.204117595357,714.151764242762,751.322764042233,..
GDP per capita (current US$),NY.GDP.PCAP.CD,Lower middle income,LMC,432.47454582142,559.072816607956,1895.24399500136,2026.19304074045,2085.0452543512,2228.84805859217,2121.61421722256,2369.9577651033,2493.61487371356,2493.38985253651,2544.49245457752,..
GDP per capita (current US$),NY.GDP.PCAP.CD,"Middle East, North Africa, Afghanistan & Pakistan",MEA,2183.54170524632,2220.38439290516,5126.05331639032,5279.47951180077,5545.88899607591,5412.42875673528,4742.76402632259,5615.91186098726,6430.53553485753,6149.061198935,6265.44445247452,..
GDP per capita (current US$),NY.GDP.PCAP.CD,"Middle East, North Africa, Afghanistan & Pakistan (excluding high income)",MNA,1555.05827461027,1247.47238123443,2863.14057781135,2859.85560174494,2809.30894215325,2695.63342343005,2408.49731335268,2753.47858029524,3015.7557973385,2873.03929302735,2971.05462651558,..
GDP per capita (current US$),NY.GDP.PCAP.CD,"Middle East, North Africa, Afghanistan & Pakistan (IDA & IBRD)",TMN,1551.33182483379,1246.01975069059,2858.61689096826,2854.66192638041,2804.12633142444,2688.96932958269,2402.73480964452,2746.96809945183,3010.19656726913,2868.88626501212,2973.77496155262,..
GDP per capita (current US$),NY.GDP.PCAP.CD,Middle income,MIC,828.178421407121,1237.10225471924,4605.60639396078,4982.00575599033,5248.39737081301,5353.79775844374,5134.62007912707,6007.32308658146,6248.00962014697,6386.30246387838,6554.37054933497,..
GDP per capita (current US$),NY.GDP.PCAP.CD,North America,NAC,23653.5020058697,35151.3613936987,56112.2253713869,58184.8571647569,60890.5689258698,62874.6117089583,61468.3372208474,68424.560031595,74535.6365392629,78190.0640735535,81275.8436781762,..
GDP per capita (current US$),NY.GDP.PCAP.CD,Not classified,INX,..,..,..,..,..,..,..,..,..,..,..,..
GDP per capita (current US$),NY.GDP.PCAP.CD,OECD members,OED,17019.8138229679,23049.6329362256,36229.3490773616,37605.270624989,39552.6956716291,39708.8864576635,38597.246423496,43027.7494275706,43950.173710934,46580.4448807226,48322.1644204871,..
GDP per capita (current US$),NY.GDP.PCAP.CD,Other small states,OSS,3570.55788974992,4847.45033301194,10813.3826960431,11950.9740553004,13025.990833966,12907.6162560274,11770.4564127379,13717.0894877353,14320.7706776288,15334.1046502228,16094.1266173126,..
GDP per capita (current US$),NY.GDP.PCAP.CD,Pacific island small states,PSS,1343.27719993773,1686.60570445369,3856.70459060951,4099.79965867267,4247.0901276249,4136.34140894161,3592.04110507296,3600.81254375167,3896.81060847355,4173.79964748513,4453.58561280276,..
GDP per capita (current US$),NY.GDP.PCAP.CD,Post-demographic dividend,PST,19133.9838313942,25890.8986396573,41502.2222895522,43114.2688521392,45535.8018785923,45840.3536114764,44743.738932431,49855.2269396596,50969.801641014,53813.7418308677,55644.314789934,..
GDP per capita (current US$),NY.GDP.PCAP.CD,Pre-demographic dividend,PRE,939.805533338587,503.562641272677,1316.74567214685,1338.96011884626,1449.85562070843,1681.19065754666,1496.33767488397,1594.14229813292,1770.15579032782,1558.34344693401,1366.06577255622,..
GDP per capita (current US$),NY.GDP.PCAP.CD,Small states,SST,3333.50757381486,4846.98212617811,10486.2161094903,11304.5050810878,12057.788581183,11990.4670996465,10723.093901861,12428.6087674544,13636.4661190787,14346.3202783396,15383.3425638674,..
GDP per capita (current US$),NY.GDP.PCAP.CD,South Asia,SAS,359.953973128088,440.467918910931,1722.90703415144,1956.06707554186,1988.3663331799,2067.05975687637,1957.20343722686,2273.72055798689,2385.08341896271,2532.38988993306,2690.07883749003,..
GDP per capita (current US$),NY.GDP.PCAP.CD,South Asia (IDA & IBRD),TSA,359.953973128088,440.467918910931,1722.90703415144,1956.06707554186,1988.3663331799,2067.05975687637,1957.20343722686,2273.72055798689,2385.08341896271,2532.38988993306,2690.07883749003,..
GDP per capita (current US$),NY.GDP.PCAP.CD,Sub-Saharan Africa,SSF,728.527589410931,629.529731613317,1455.03525304571,1546.91774199323,1620.54140805919,1795.5612786554,1627.34569596297,1785.46664916614,1865.11635260699,1680.77966672218,1532.92763550207,..
GDP per capita (current US$),NY.GDP.PCAP.CD,Sub-Saharan Africa (excluding high income),SSA,774.580966599021,684.279233995118,1545.27948291265,1641.39239957439,1718.42346098448,1907.22499436387,1716.50863861427,1885.48155965903,1963.80330032374,1750.13136836946,1576.69166875191,..
GDP per capita (current US$),NY.GDP.PCAP.CD,Sub-Saharan Africa (IDA & IBRD countries),TSS,728.527589410931,629.529731613317,1455.03525304571,1546.91774199323,1620.54140805919,1795.5612786554,1627.34569596297,1785.46664916614,1865.11635260699,1680.77966672218,1532.92763550207,..
GDP per capita (current US$),NY.GDP.PCAP.CD,Upper middle income,UMC,1151.7887372852,1846.75293360867,7413.22237473365,8064.20583627107,8569.23675625056,8657.73234539015,8346.18727671435,9918.69947746711,10324.5193124329,10657.9686111279,10996.101696107,..
GDP per capita (current US$),NY.GDP.PCAP.CD,World,WLD,4325.66214326506,5501.26421816454,10204.9287763386,10747.764306505,11309.3830773178,11376.0818134476,10937.6846205191,12390.6686716727,12798.1658465319,13236.7163960917,13631.2043097215,..
,,,,,,,,,,,,,,,
,,,,,,,,,,,,,,,
,,,,,,,,,,,,,,,
Data from database: World Development Indicators,,,,,,,,,,,,,,,
Last Updated: 04/08/2026,,,,,,,,,,,,,,,
