Series Name,"Series Code","Country Name","Country Code","1990 [YR1990]","2000 [YR2000]","2016 [YR2016]","2017 [YR2017]","2018 [YR2018]","2019 [YR2019]","2020 [YR2020]","2021 [YR2021]","2022 [YR2022]","2023 [YR2023]","2024 [YR2024]","2025 [YR2025]"
Population density (people per sq. km of land area),"EN.POP.DNST","Afghanistan","AFG","18.4684237155605","30.8638471091486","53.2030296061205","54.7183278904681","56.3344817012404","58.0410606687825","59.9006163469942","61.3286907992579","62.2155405301811","63.5585008355948","..",".."
Population density (people per sq. km of land area),"EN.POP.DNST","Albania","ALB","119.946788321168","112.738211678832","98.155802919708","96.6527372262774","95.1727372262774","93.7153649635036","92.2802919708029","90.8672262773723","89.4757664233577","88.1056569343066","..",".."
Population density (people per sq. km of land area),"EN.POP.DNST","Algeria","DZA","10.6543157523491","12.9753428165963","17.1516218598076","17.5037080018356","17.846203680417","18.1776961381175","18.4915612115512","18.7934447084904","19.0941870229328","19.3825602290762","..",".."
Population density (people per sq. km of land area),"EN.POP.DNST","American Samoa","ASM","233.2","284.275","261.225","257.93","254.54","251.045","248.805","246.125","241.71","237.605","..",".."
Population density (people per sq. km of land area),"EN.POP.DNST","Andorra","AND","111.908510638298","139.755319148936","153.576595744681","156.942553191489","159.91914893617","162.710638297872","164.63829787234","166.731914893617","169.585106382979","172.034042553191","..",".."
Population density (people per sq. km of land area),"EN.POP.DNST","Angola","AGO","9.32570786877356","12.9901892997513","23.4082537900056","24.2518962059838","25.1039985561883","25.969063928772","26.8317413972888","27.6990687414775","28.5834835966953","29.4777460495709","..",".."
Population density (people per sq. km of land area),"EN.POP.DNST","Antigua and Barbuda","ATG","143.331818181818","170.254545454545","204.475","205.609090909091","206.65","207.645454545455","208.740909090909","209.884090909091","211","212.081818181818","..",".."
Population density (people per sq. km of land area),"EN.POP.DNST","Argentina","ARG","11.9691674979629","13.5981729753827","16.0413905118958","16.1833799224611","16.3171137395905","16.4335255363231","16.5133665121004","16.5573305708721","16.5922716858687","16.6399559321662","..",".."
Population density (people per sq. km of land area),"EN.POP.DNST","Armenia","ARM","..","113.140147523709","105.103617843344","104.650509308044","104.285212504391","104.056902002107","105.027376627853","105.056940272915","105.297053157777","105.119108748259","..",".."
Population density (people per sq. km of land area),"EN.POP.DNST","Aruba","ABW","348.627777777778","503.266666666667","604.038888888889","604.083333333333","605.044444444444","606.683333333333","603.261111111111","598.333333333333","596.166666666667","596.438888888889","..",".."
Population density (people per sq. km of land area),"EN.POP.DNST","Australia","AUS","2.22135662496908","2.47696679379873","3.14493553058884","3.19715601363491","3.24534491589985","3.29365056253104","3.33452695130798","3.33922844714392","3.38256023775289","3.46591948538875","..",".."
Population density (people per sq. km of land area),"EN.POP.DNST","Austria","AUT","93.0422927775085","97.0863548230732","105.873339796413","106.61131846825","107.131858943286","107.609306834707","108.057004362579","108.528805138148","109.571631119729","110.661185167232","..",".."
Population density (people per sq. km of land area),"EN.POP.DNST","Azerbaijan","AZE","..","97.434779976999","118.033288980283","119.208741622511","120.25759188908","121.280071139933","122.124736829369","122.658802177858","122.707271627344","122.854906231095","..",".."
Population density (people per sq. km of land area),"EN.POP.DNST","Bahamas, The","BHS","27.5669330669331","32.3511488511488","38.7667332667333","39.0094905094905","39.2324675324675","39.4280719280719","39.5467532467532","39.5977022977023","39.7140859140859","39.9040959040959","..",".."
Population density (people per sq. km of land area),"EN.POP.DNST","Bahrain","BHR","746.082608695652","898.002816901408","1827.63286264442","1924.50769230769","1931.99357326478","1902.25128205128","1875.41910828025","1904.25949367089","1929.99113924051","1971.32375","..",".."
Population density (people per sq. km of land area),"EN.POP.DNST","Bangladesh","BGD","857.599423830376","1033.6045478989","1235.3993393255","1245.95641852962","1256.22726434662","1266.90523930245","1277.54493354844","1287.99918568026","1300.36002610164","1319.17979689183","..",".."
Population density (people per sq. km of land area),"EN.POP.DNST","Barbados","BRB","601.353488372093","609.448837209302","650.227906976744","651.560465116279","652.816279069767","653.96976744186","655.111627906977","656.155813953488","656.553488372093","656.595348837209","..",".."
Population density (people per sq. km of land area),"EN.POP.DNST","Belarus","BLR","..","49.1974779144976","46.6499448243246","46.5987595325832","46.5010592176569","46.4107506220284","46.211212927382","45.8368317319537","45.4607172767131","45.217077292187","..",".."
Population density (people per sq. km of land area),"EN.POP.DNST","Belgium","BEL","..","337.957010516599","373.567467774371","375.009329772855","374.74351490506","376.761985964452","378.38932248967","379.949990161999","383.033055683085","386.303731881682","..",".."
Population density (people per sq. km of land area),"EN.POP.DNST","Belize","BLZ","8.02612889083735","10.5567295046032","15.9888206926786","16.3613327487944","16.6692678649715","16.9149057430951","17.1333625602806","17.3321350284963","17.6559842174485","18.0230600613766","..",".."
Population density (people per sq. km of land area),"EN.POP.DNST","Benin","BEN","46.8382316424264","64.0441557289819","103.741060659808","106.773501241575","109.820388435615","112.865865555161","115.911395885066","118.955454061724","122.024663001064","125.142195814118","..",".."
Population density (people per sq. km of land area),"EN.POP.DNST","Bermuda","BMU","1065.90740740741","1139.81481481481","1174.98148148148","1177.37037037037","1182.05555555556","1187.16666666667","1192.25925925926","1197.18518518519","1199.05555555556","1198.11111111111","..",".."
Population density (people per sq. km of land area),"EN.POP.DNST","Bhutan","BTN","12.6123536587976","14.9965577889447","19.6063863255034","19.7759804949664","19.920267435763","20.0530676455165","20.1889355007866","20.3314630309386","20.4749344520189","20.6183796539067","..",".."
Population density (people per sq. km of land area),"EN.POP.DNST","Bolivia","BOL","6.58187205760177","7.94454537062679","10.3203360103388","10.4722486845749","10.6234357980246","10.7739185821102","10.9076885442629","11.0194405981723","11.1484851841595","11.3026483891812","..",".."
Population density (people per sq. km of land area),"EN.POP.DNST","Bosnia and Herzegovina","BIH","..","81.24552734375","67.83208984375","66.9664453125","66.15234375","65.34244140625","64.44041015625","63.37708984375","62.5937890625","62.20845703125","..",".."
Population density (people per sq. km of land area),"EN.POP.DNST","Botswana","BWA","2.30391191572707","2.95975508619625","3.94328163322923","3.99969473999965","4.05685423393856","4.11498067863004","4.17464048135797","4.23736347114146","4.30521059411007","4.37641204806522","..",".."
Population density (people per sq. km of land area),"EN.POP.DNST","Brazil","BRA","17.8440685367797","20.8202162203552","24.3137963709629","24.4915070817191","24.659465024515","24.8207686159839","24.9649852718428","25.0714027283582","25.161867951482","25.2616884857157","..",".."
Population density (people per sq. km of land area),"EN.POP.DNST","British Virgin Islands","VGB","104.693333333333","134.94","225.853333333333","217.993333333333","231.046666666667","242.633333333333","247.566666666667","252.06","255.46","259.9","..",".."
Population density (people per sq. km of land area),"EN.POP.DNST","Brunei Darussalam","BRN","48.442504743833","61.9400379506641","81.1316888045541","82.1199240986717","83.0759013282732","84","84.896394686907","85.715559772296","86.4079696394687","87.0870967741936","..",".."
Population density (people per sq. km of land area),"EN.POP.DNST","Bulgaria","BGR","78.8058302449607","73.8513242339329","63.5053334561533","62.6701179071481","61.816488577745","60.9499447310243","60.3417096536478","59.9419767870302","59.5532148120855","59.3827929255711","..",".."
Population density (people per sq. km of land area),"EN.POP.DNST","Burkina Faso","BFA","33.4771783625731","43.5875219298246","70.6683333333333","72.713475877193","74.7013450292398","76.6153216374269","78.5039839181287","80.3919700292398","82.2698757309942","84.1585380116959","..",".."
Population density (people per sq. km of land area),"EN.POP.DNST","Burundi","BDI","217.564330218069","251.954595015576","437.673325545171","448.082632398754","461.816433021807","477.232710280374","491.317601246106","504.886331775701","518.734306853583","533.078271028037","..",".."
Population density (people per sq. km of land area),"EN.POP.DNST","Cabo Verde","CPV","93.1583126550868","112.485607940447","127.184615384615","127.268734491315","127.398263027295","127.569230769231","127.711910669975","128.200744416873","128.967990074442","129.610669975186","..",".."
Population density (people per sq. km of land area),"EN.POP.DNST","Cambodia","KHM","41.7785633355994","70.6001359619307","89.8074042601405","91.0569453886245","92.1964763199638","93.3679129843644","94.7511556764106","96.160803308407","97.4491502379334","98.7076818490823","..",".."
Population density (people per sq. km of land area),"EN.POP.DNST","Cameroon","CMR","23.9720357089971","31.5471028749127","49.6163842525015","51.0431363838294","52.4769583888642","53.9571724736096","55.4474371178947","56.9392608576083","58.4560745488777","60.0213386642973","..",".."
Population density (people per sq. km of land area),"EN.POP.DNST","Canada","CAN","3.08860186557717","3.42261133957721","4.02771072511681","4.07614836279598","4.13498944297029","4.19587500655283","4.24162135453439","4.351026204103","4.43022676846405","4.56079784268436","..",".."
Population density (people per sq. km of land area),"EN.POP.DNST","Cayman Islands","CYM","108.329166666667","165.308333333333","262.916666666667","268.895833333333","274.754166666667","280.529166666667","286.183333333333","292.116666666667","298.295833333333","304.325","..",".."
Population density (people per sq. km of land area),"EN.POP.DNST","Central African Republic","CAF","4.6099553757745","6.15335323766413","7.56631513050178","7.6944861793316","7.83116151401329","7.93717775851552","8.06868278275386","8.20588140871296","8.18331086070179","8.27060419275097","..",".."
Population density (people per sq. km of land area),"EN.POP.DNST","Chad","TCD","4.75129685514612","6.75992137865311","12.0033791296061","12.4068924714104","12.830790184244","13.2506535895807","13.6790652795426","14.1584124841169","14.6563818297332","15.342331639136","..",".."
Population density (people per sq. km of land area),"EN.POP.DNST","Channel Islands","CHI","722.661616161616","748.030303030303","827.691919191919","829.893939393939","833.075757575758","836.560606060606","839.570707070707","842.126262626263","..","..","..",".."
Population density (people per sq. km of land area),"EN.POP.DNST","Chile","CHL","18.0720883566545","20.8513352485165","24.6093854617587","25.002288872834","25.4526848895971","25.84400416762","26.0767352343796","26.192118041714","26.3222982801325","26.4647249005172","..",".."
Population density (people per sq. km of land area),"EN.POP.DNST","China","CHN","120.915506084734","134.492481002789","147.822641376791","148.720043543977","149.417194545073","149.948179684945","150.305542803154","150.439753691066","150.42004812419","150.264001337848","..",".."
Population density (people per sq. km of land area),"EN.POP.DNST","Colombia","COL","29.2384578639027","35.2320270392068","42.7557566471383","43.3808724650744","44.1860883280757","44.9824109959441","45.6331653898152","46.1362532672375","46.6317656602073","47.1574150518251","..",".."
Population density (people per sq. km of land area),"EN.POP.DNST","Comoros","COM","238.901665771091","288.060182697474","398.571198280494","406.592692101021","414.610424502955","422.664159054272","431.038688876948","439.642127888232","448.247178936056","456.951638903815","..",".."
Population density (people per sq. km of land area),"EN.POP.DNST","Congo, Dem. Rep.","COD","16.1814088793807","22.2789272402461","37.0333318629938","38.4126499194989","39.7201843805827","40.9992907081891","42.3413678569066","43.7347795593392","45.1674943208134","46.6640484329856","..",".."
Population density (people per sq. km of land area),"EN.POP.DNST","Congo, Rep.","COG","6.97089311859444","9.22795021961933","15.2929311859444","15.6691390922401","16.0559824304539","16.4470307467057","16.845654465593","17.2538301610542","17.6723396778917","18.1050805270864","..",".."
Population density (people per sq. km of land area),"EN.POP.DNST","Costa Rica","CRI","61.1379945162554","77.119839404622","95.3191931061496","96.2235996866432","97.0978848413631","97.9152565609087","98.5961613787701","99.0988640814728","99.5253623188406","99.9906972189581","..",".."
Population density (people per sq. km of land area),"EN.POP.DNST","Cote d'Ivoire","CIV","38.3326352201258","55.6572452830189","81.7276886792453","84.0672075471698","86.3653238993711","88.6572610062893","90.9290849056604","93.2067169811321","95.5817672955975","98.0052012578616","..",".."
Population density (people per sq. km of land area),"EN.POP.DNST","Croatia","HRV","..","79.9166905136643","73.3840861982703","72.2144056893717","71.2739439639768","70.5701879779859","69.946497498213","69.3170300214439","68.8999463902788","68.9722301644031","..",".."
Population density (people per sq. km of land area),"EN.POP.DNST","Cuba","CUB","98.9925418994413","103.436769087523","108.2815455594","108.360587668593","108.16105973025","107.927225433526","107.672003853565","107.149980732177","106.549325626204","106.165038535645","..",".."
Population density (people per sq. km of land area),"EN.POP.DNST","Curacao","CUW","..","..","359.603603603604","360.754504504504","358.864864864865","354.596846846847","350.184684684685","346.72972972973","345.317567567568","348.31981981982","..",".."
Population density (people per sq. km of land area),"EN.POP.DNST","Cyprus","CYP","85.3193722943723","102.561363636364","133.88658008658","135.744047619048","137.525649350649","139.250108225108","140.935822510823","142.565909090909","144.087662337662","145.560173160173","..",".."
Population density (people per sq. km of land area),"EN.POP.DNST","Czechia","CZE","..","132.717264138734","136.851858567543","137.21587877218","137.675534257221","138.226810266108","138.575928842168","136.108349053848","138.290511305111","140.785547662605","..",".."
Population density (people per sq. km of land area),"EN.POP.DNST","Denmark","DNK","128.523475","133.4904","143.20025","144.1245","144.8409","145.36055","145.7851","146.418325","147.575925","148.6738","..",".."
Population density (people per sq. km of land area),"EN.POP.DNST","Djibouti","DJI","25.0016393442623","32.2397756686799","44.7650129421915","45.5065142364107","46.2416738567731","46.9676013805004","47.6785159620362","48.3713546160483","49.0550474547023","49.7387402933563","..",".."
Population density (people per sq. km of land area),"EN.POP.DNST","Dominica","DMA","92.836","91.348","92.808","91.328","90.8986666666667","90.5066666666667","90.0973333333333","89.6026666666667","89.1013333333333","88.68","..",".."
Population density (people per sq. km of land area),"EN.POP.DNST","Dominican Republic","DOM","148.026619747464","177.689712274891","218.410888014904","220.799896501759","223.18470296005","226.026774543851","228.397349102723","230.786990834893","233.012351959686","235.098143035751","..",".."
Population density (people per sq. km of land area),"EN.POP.DNST","Ecuador","ECU","37.832946828493","51.0919874375906","66.4565107102593","67.4807497181511","68.6485223063295","69.8180906748269","70.6477089708488","71.1968674504751","71.7663754227734","72.3952448059269","..",".."
Population density (people per sq. km of land area),"EN.POP.DNST","Egypt, Arab Rep.","EGY","58.6635370937767","73.4173328645336","102.109185795369","104.170030639409","106.165145411623","108.044761665578","109.814781254709","111.464169973379","113.13300517354","115.059291777588","..",".."
Population density (people per sq. km of land area),"EN.POP.DNST","El Salvador","SLV","260.604536679537","286.841988416988","299.266409266409","299.880936293436","300.183735521236","300.304922779923","300.901206563707","301.919980694981","303.104198841699","304.518532818533","..",".."
Population density (people per sq. km of land area),"EN.POP.DNST","Equatorial Guinea","GNQ","16.9081639928699","25.0723351158645","53.7677718360071","55.7003921568627","57.6264527629233","59.5428520499109","61.1931550802139","62.7018181818182","64.297504456328","65.8662745098039","..",".."
Population density (people per sq. km of land area),"EN.POP.DNST","Eritrea","ERI","..","22.2478316831683","25.8074296058691","26.0206072238481","26.3695100817645","26.7606490641362","27.1914115855899","27.6467466920618","28.1358115568642","28.638732049164","..",".."
Population density (people per sq. km of land area),"EN.POP.DNST","Estonia","EST","..","32.9555319650861","30.2689210950081","30.816","30.9234385964912","31.0385497076023","31.0999298245614","31.1329122807018","31.5665808565411","32.0684764802247","..",".."
Population density (people per sq. km of land area),"EN.POP.DNST","Eswatini","SWZ","50.7225581395349","60.5473255813953","66.8318023255814","67.3369186046512","67.960988372093","68.5973255813954","69.3447093023256","70.1507558139535","70.8672674418605","71.5410465116279","..",".."
Population density (people per sq. km of land area),"EN.POP.DNST","Ethiopia","ETH","..","67.411494","94.5614799764478","97.1744352590326","99.8298825389562","102.552159549746","105.370090895445","108.230378298522","111.107151376678","114.037952012","..",".."
Population density (people per sq. km of land area),"EN.POP.DNST","Faroe Islands","FRO","34.1977077363897","32.7750716332378","35.432664756447","35.945558739255","36.5300859598854","37.1002865329513","38.4809663250366","38.9021897810219","39.3518248175182","39.7182481751825","..",".."
Population density (people per sq. km of land area),"EN.POP.DNST","Fiji","FJI","42.3270935960591","46.0267651888342","50.3101258894362","50.2878489326765","50.2014230979748","50.0765736179529","50.0800766283525","50.1757525998905","50.3241379310345","50.5826491516147","..",".."
Population density (people per sq. km of land area),"EN.POP.DNST","Finland","FIN","16.3709609639187","16.9940214714863","18.0820078312658","18.1238944459068","18.1479501184522","18.1673609054717","18.1928768835954","18.2301659134121","18.2798093224591","18.3705454665088","..",".."
Population density (people per sq. km of land area),"EN.POP.DNST","France","FRA","108.10095927266","113.032119862696","123.803885332591","124.163688653864","124.609607570276","125.024698023935","125.431134613601","125.879601076167","126.513511457464","126.862020595603","..",".."
Population density (people per sq. km of land area),"EN.POP.DNST","French Polynesia","PYF","55.6765027322404","69.241428983002","80.431575914722","80.6934600979545","80.6150965139729","80.3900893114376","80.4405070584846","80.6084701815039","80.7772976087583","80.990492653414","..",".."
Population density (people per sq. km of land area),"EN.POP.DNST","Gabon","GAB","3.81780572049521","4.950409438429","8.15114681569449","8.37078433655451","8.58585788023441","8.80081499592502","9.01361819381379","9.22389878526798","9.43356618931191","9.64329956921644","..",".."
Population density (people per sq. km of land area),"EN.POP.DNST","Gambia, The","GMB","104.218972332016","143.783003952569","225.668873517787","231.441600790514","237.117786561265","242.771146245059","248.590217391304","254.546442687747","260.520750988142","266.5854743083","..",".."
Population density (people per sq. km of land area),"EN.POP.DNST","Georgia","GEO","..","71.3308898141992","65.2140557752196","65.2227859617201","65.197330207495","65.0855698239966","65.1302704783232","64.8834808775675","64.9515728331992","65.0037265124742","..",".."
Population density (people per sq. km of land area),"EN.POP.DNST","Germany","DEU","227.517053819494","235.596813297034","235.712929356538","236.588722557747","237.294012250272","237.822954291766","238.017318755545","238.118085806692","238.086252003664","238.351810090719","..",".."
Population density (people per sq. km of land area),"EN.POP.DNST","Ghana","GHA","67.6568867012393","86.301692010196","129.017939702909","131.88166476224","134.647029093786","137.382028101418","140.147712389575","142.918455784436","145.689425270181","148.49676310689","..",".."
Population density (people per sq. km of land area),"EN.POP.DNST","Gibraltar","GIB","2720","2770.9","3365.8","3424.5","3485.4","3549.4","3617.3","3685.8","3760.9","3847.1","..",".."
Population density (people per sq. km of land area),"EN.POP.DNST","Greece","GRC","79.1062218774244","83.83093871218","83.5994647013189","83.4342823894492","83.2651823118697","83.1775174553918","82.999216446858","81.9953995345229","80.968828549263","80.7397284716835","..",".."
Population density (people per sq. km of land area),"EN.POP.DNST","Greenland","GRL","0.162715832601697","0.136886344256304","0.136888780606651","0.136854671701791","0.136491655500061","0.136983798270191","0.137329760019491","0.138026556218784","0.138046047021562","0.138543062492386","..",".."
Population density (people per sq. km of land area),"EN.POP.DNST","Grenada","GRD","293.991176470588","316.032352941176","338.617647058824","339.523529411765","340.267647058824","341.120588235294","342.179411764706","343.2","343.861764705882","344.355882352941","..",".."
Population density (people per sq. km of land area),"EN.POP.DNST","Guam","GUM","256.685185185185","296.416666666667","304.135185185185","302.759259259259","301.257407407407","299.644444444444","300.292592592593","303.203703703704","305.888888888889","308.344444444444","..",".."
Population density (people per sq. km of land area),"EN.POP.DNST","Guatemala","GTM","84.2177398282941","109.160059723778","151.817469204927","154.603928704741","157.201241134752","159.609957073535","161.97578387458","164.227790220231","166.553536767451","169.138092571855","..",".."
Population density (people per sq. km of land area),"EN.POP.DNST","Guinea","GIN","26.1857968419339","34.3025883118997","49.1332817841446","50.4055795214065","51.7042731564382","53.0455233599219","54.4163397362852","55.7973018069347","57.1998087253785","58.6255412664822","..",".."
Population density (people per sq. km of land area),"EN.POP.DNST","Guinea-Bissau","GNB","34.6254978662873","43.9097083926031","65.1455547652916","66.7522048364154","68.3559032716927","69.9749644381223","71.5951280227596","73.2162517780939","74.8765647226174","76.5767780938834","..",".."
Population density (people per sq. km of land area),"EN.POP.DNST","Guyana","GUY","3.80946913893828","3.88535433070866","3.8788315976632","3.90388112776226","4.02111252222504","4.10294640589281","3.82438666287771","3.86228095102775","3.89143222506394","3.91376811594203","..",".."
Population density (people per sq. km of land area),"EN.POP.DNST","Haiti","HTI","248.709760522496","301.275435413643","387.208164005806","392.516473149492","397.763497822932","402.944956458636","407.977068214804","412.720827285922","417.402249637155","422.256821480406","..",".."
Population density (people per sq. km of land area),"EN.POP.DNST","Honduras","HND","44.512360353919","58.7878541424613","84.121726695862","85.6925283760837","87.2750916078291","88.8697202609706","90.4427562784878","91.9642237912235","93.5192778621861","95.1367503798373","..",".."
Population density (people per sq. km of land area),"EN.POP.DNST","Hong Kong SAR, China","HKG","5762.12121212121","6347.61904761905","6987.2380952381","7041.14285714286","7097.71428571429","7150.38095238095","7124.7619047619","7060.09523809524","6996.28571428571","7177.2380952381","..",".."
Population density (people per sq. km of land area),"EN.POP.DNST","Hungary","HUN","115.433270279292","113.936297701406","106.944499232961","106.582905982906","106.366031119877","106.233004602235","105.965581854043","105.532895025203","105.249550734166","105.108327854482","..",".."
Population density (people per sq. km of land area),"EN.POP.DNST","Iceland","ISL","2.54190523690773","2.80503740648379","3.34602493765586","3.42543640897756","3.49817514628583","3.5759496181692","3.63446394922146","3.69453535654071","3.78858474660319","3.82488346722206","..",".."
Population density (people per sq. km of land area),"EN.POP.DNST","India","IND","290.923964159707","355.82076254797","452.020992940243","457.30592394028","462.351569862673","467.185182245332","471.755150192218","475.652042419085","479.425536881262","483.679010086809","..",".."
Population density (people per sq. km of land area),"EN.POP.DNST","Indonesia","IDN","101.293959383297","115.08687262286","140.945267664402","142.393583234045","143.781152680745","145.132688936836","146.371283592869","146.235107708626","147.330175215419","148.57692229227","..",".."
Population density (people per sq. km of land area),"EN.POP.DNST","Iran, Islamic Rep.","IRN","35.8432746383752","40.778665365063","51.4576905130283","52.4047790446841","53.0773485362096","53.6527876733436","54.0668369799692","54.518020338983","55.1767309707242","55.8451198767334","..",".."
Population density (people per sq. km of land area),"EN.POP.DNST","Iraq","IRQ","40.1975581315591","55.8430070649564","88.6135586739395","90.6123378358457","92.7505804739616","94.8844148066247","97.0138092276507","99.2127035680556","101.514640775804","103.826155759795","..",".."
Population density (people per sq. km of land area),"EN.POP.DNST","Ireland","IRL","51.0084772826245","55.2355058789374","69.1351720133546","70.0746842792858","71.0991725939904","72.237712294963","73.1564377993903","74.1847147626651","75.6689795325882","77.1017273914937","..",".."
Population density (people per sq. km of land area),"EN.POP.DNST","Isle of Man","IMN","120.905263157895","132.735087719298","146.431578947368","146.682456140351","147.026315789474","147.29298245614","147.480701754386","147.554385964912","147.6","147.657894736842","..",".."
Population density (people per sq. km of land area),"EN.POP.DNST","Israel","ISR","215.341959334566","290.619223659889","394.916820702403","402.647874306839","410.480591497227","418.391866913124","425.836414048059","433.059149722736","441.658964879852","455.129390018484","..",".."
Population density (people per sq. km of land area),"EN.POP.DNST","Italy","ITA","192.850430111183","192.555434569421","203.285640373599","202.903617635721","203.398704170865","201.980545589195","200.999100491348","199.965416259464","199.559268903016","199.459678073854","..",".."
Population density (people per sq. km of land area),"EN.POP.DNST","Jamaica","JAM","219.748568790397","240.79649122807","259.456602031394","259.996675900277","260.39676823638","260.689843028624","261.379409048938","262.020498614958","262.155493998153","262.214773776547","..",".."
Population density (people per sq. km of land area),"EN.POP.DNST","Japan","JPN","338.667032364235","347.991769547325","348.631001371742","348.345679012346","347.903978052126","347.415637860082","346.395061728395","344.80546776406","343.278433470508","341.54455749932","..",".."
Population density (people per sq. km of land area),"EN.POP.DNST","Jordan","JOR","41.0461015412511","61.0487873980054","112.70969813021","115.276255913494","117.84530299617","120.187073450909","122.364439038674","124.629547041467","126.768283893056","128.828670856139","..",".."
Population density (people per sq. km of land area),"EN.POP.DNST","Kazakhstan","KAZ","..","5.74178723561877","6.80208912101345","6.90889024706449","7.01290032225803","7.11544060451161","7.21640071119013","7.31325813979331","7.42105011667963","7.53050487091158","..",".."
Population density (people per sq. km of land area),"EN.POP.DNST","Kenya","KEN","40.223233299364","53.8406894612925","84.0057771361452","85.5601194522199","87.019449386981","88.4453894988127","89.8940686683206","91.6187594501618","93.3976149483117","95.2681371231706","..",".."
Population density (people per sq. km of land area),"EN.POP.DNST","Kiribati","KIR","92.4135802469136","109.398765432099","146.269135802469","148.487654320988","150.720987654321","152.988888888889","155.677777777778","158.49012345679","161.072839506173","163.617283950617","..",".."
Population density (people per sq. km of land area),"EN.POP.DNST","Korea, Dem. People's Rep.","PRK","175.335412341168","196.544390000831","213.423519641226","214.414990449298","215.357088281704","216.241441740719","217.060975002076","217.860094676522","218.659953492235","219.402076239515","..",".."
Population density (people per sq. km of land area),"EN.POP.DNST","Korea, Rep.","KOR","444.425492432096","487.332687124197","525.370072521002","526.734806686494","528.969011484824","530.377274590164","531.109006147541","530.425604508197","529.43205942623","529.842407786885","..",".."
Population density (people per sq. km of land area),"EN.POP.DNST","Kosovo","XKX","..","..","..","..","..","..","..","..","..","..","..",".."
Population density (people per sq. km of land area),"EN.POP.DNST","Kuwait","KWT","94.5465207631874","109.691863075196","224.696745230079","233.1544332211","242.621492704826","249.288215488215","246.928563411897","244.717452300786","257.555723905724","272.358024691358","..",".."
Population density (people per sq. km of land area),"EN.POP.DNST","Kyrgyz Republic","KGZ","..","25.5389051094891","32.1967570385819","32.8816266944734","33.5979092805005","34.3598070907195","35.0708863399374","35.7206673618352","36.3671532846715","37.0164233576642","..",".."
Population density (people per sq. km of land area),"EN.POP.DNST","Lao PDR","LAO","18.6826473136915","23.5321143847487","29.934150779896","30.4079159445407","30.8840771230503","31.3589081455806","31.8307322357019","32.2928682842288","32.7513301559792","33.2105415944541","..",".."
Population density (people per sq. km of land area),"EN.POP.DNST","Latvia","LVA","..","38.0469892490398","31.4901409356067","31.2123033409935","30.9700612274415","30.755491989008","30.5391129680219","30.2826610959344","30.2005945685361","30.2701269484172","..",".."
Population density (people per sq. km of land area),"EN.POP.DNST","Lebanon","LBN","351.434506353861","423.200391006843","618.089931573803","602.163049853372","584.957869012708","566.431476050831","557.419159335288","558.956207233627","561.533626588465","564.368817204301","..",".."
Population density (people per sq. km of land area),"EN.POP.DNST","Lesotho","LSO","59.6079051383399","66.0050395256917","70.1720026350461","71.0510540184453","71.9236824769433","72.7735507246377","73.6405467720685","74.4908432147563","75.3000658761528","76.135441370224","..",".."
Population density (people per sq. km of land area),"EN.POP.DNST","Liberia","LBR","23.0862437707641","30.3998857973422","49.3730066445183","50.3418293189369","51.3364410299003","52.3642130398671","53.462032807309","54.60260589701","55.7858596345515","57.0289763289037","..",".."
Population density (people per sq. km of land area),"EN.POP.DNST","Libya","LBY","2.52636427702695","3.01500448980984","3.76923855098492","3.8298475737977","3.89252588744786","3.95048308080521","4.00411414346932","4.05513656978528","4.10550768950976","4.15202780272117","..",".."
Population density (people per sq. km of land area),"EN.POP.DNST","Liechtenstein","LIE","179.6375","204.03125","235.725","237.2625","239.0375","241.01875","243.13125","244.8875","246.83125","249.0375","..",".."
Population density (people per sq. km of land area),"EN.POP.DNST","Lithuania","LTU","..","55.8317804722399","45.9328405861882","45.3798470650213","45.0135717707169","44.8912328329607","44.8797349089748","44.8551349624661","45.2309596830873","45.87196485623","..",".."
Population density (people per sq. km of land area),"EN.POP.DNST","Luxembourg","LUX","..","169.472433053922","226.072263698018","231.635372078028","236.146609386046","240.827591028798","244.874264894386","248.62068161867","253.685433061691","258.862052624628","..",".."
Population density (people per sq. km of land area),"EN.POP.DNST","Macao SAR, China","MAC","16747.5","21530","21393.4426229508","21051.9480519481","20027.3556231003","20425.5319148936","20832.8267477204","20681.8181818182","20524.2424242424","20569.696969697","..",".."
Population density (people per sq. km of land area),"EN.POP.DNST","Madagascar","MDG","20.7305413213193","28.4010351824466","44.8606943966999","46.0439584049502","47.2583808869027","48.5038741835682","49.7654795462358","51.0331436919904","52.3156772086628","53.6196837401169","..",".."
Population density (people per sq. km of land area),"EN.POP.DNST","Malawi","MWI","101.250021213407","120.024840899448","186.229730589733","191.341907085278","196.521860415783","201.800509121765","207.190156979211","212.635320322444","218.166397963513","223.84898175647","..",".."
Population density (people per sq. km of land area),"EN.POP.DNST","Malaysia","MYS","54.2784081570537","69.9066078222493","96.7575254907929","98.4801217470705","100.170345457312","101.782364936844","103.148860143053","104.344541165728","105.601865773855","106.913096941105","..",".."
Population density (people per sq. km of land area),"EN.POP.DNST","Maldives","MDV","749.206666666667","940.063333333333","1477.69333333333","1527.62333333333","1576.99666666667","1625.77","1673.72666666667","1720.51333333333","1747.02","1765.08053691275","..",".."
Population density (people per sq. km of land area),"EN.POP.DNST","Mali","MLI","7.5224596169449","9.47335251067457","15.7281152935199","16.2376441373884","16.7531531974529","17.2664953818668","17.7954548062187","18.348478515641","18.9090551471492","19.4798572353486","..",".."
Population density (people per sq. km of land area),"EN.POP.DNST","Malta","MLT","1106.78125","1219.021875","1420.328125","1459.70625","1512.196875","1574.725","1610.90625","1619.21875","1659.728125","1727.334375","..",".."
Population density (people per sq. km of land area),"EN.POP.DNST","Marshall Islands","MHL","..","281.7","265.05","258.494444444444","251.583333333333","244.483333333333","237.255555555556","229.816666666667","222.65","215.705555555556","..",".."
Population density (people per sq. km of land area),"EN.POP.DNST","Mauritania","MRT","1.89374017657902","2.53559813718832","3.96493354031241","4.08518482584651","4.20848452508004","4.33463471427185","4.46311341806539","4.59384301930727","4.73041331134181","4.87284466867178","..",".."
Population density (people per sq. km of land area),"EN.POP.DNST","Mauritius","MUS","521.564039408867","584.666502463054","632.822734101152","633.393590385578","633.739108662994","633.943415122684","633.957936905358","634.118177265899","632.209814722083","625.261392088132","..",".."
Population density (people per sq. km of land area),"EN.POP.DNST","Mexico","MEX","42.6040638905322","50.734613544587","62.8881149206513","63.4790282671879","64.0827752771419","64.6945559299365","65.227528485815","65.664316469045","66.1607124668844","66.7402757272564","..",".."
Population density (people per sq. km of land area),"EN.POP.DNST","Micronesia, Fed. Sts.","FSM","..","160.062857142857","155.821428571429","156.401428571429","157.012857142857","157.545714285714","158.451428571429","159.462857142857","160.162857142857","160.9","..",".."
Population density (people per sq. km of land area),"EN.POP.DNST","Moldova","MDA","..","101.844482362364","97.614165825121","95.9093883802694","94.2543946689506","92.756093569939","91.7473260542588","90.3612977338393","88.05425357802","85.437584732506","..",".."
Population density (people per sq. km of land area),"EN.POP.DNST","Monaco","MCO","14976.8130241737","16011.3468179576","18389.7385298471","18588.061174149","18822.8909718796","18800.6906758757","18771.583621115","18487.0441458733","18680.9021113244","18692.8982725528","..",".."
Population density (people per sq. km of land area),"EN.POP.DNST","Mongolia","MNG","1.35624754831167","1.54338839734181","1.98352563105577","2.02209412791248","2.06015649331677","2.09835043390369","2.13623721809195","2.17253662423347","2.2046394565685","2.23365125312889","..",".."
Population density (people per sq. km of land area),"EN.POP.DNST","Montenegro","MNE","..","..","46.4946468401487","46.5414126394052","46.5753159851301","46.5987360594796","46.5866171003717","46.4723420074349","46.3636431226766","46.3590334572491","..",".."
Population density (people per sq. km of land area),"EN.POP.DNST","Morocco","MAR","54.6169639256106","63.6868362088281","78.4751445216222","79.4227918440511","80.3041900067219","81.1357786242438","81.9722339233699","82.8017969975353","83.6411920233027","84.5003473000224","..",".."
Population density (people per sq. km of land area),"EN.POP.DNST","Mozambique","MOZ","16.6516658612884","23.0545703095196","34.7632251583204","35.8177891095908","36.9015539561026","38.0024670006867","39.1460718736489","40.3212187492052","41.5273099519316","42.7721457819375","..",".."
Population density (people per sq. km of land area),"EN.POP.DNST","Myanmar","MMR","60.9254995868654","69.3007941365486","78.8867551089188","79.5020114898506","80.0861758847863","80.6507017006282","81.2302112859485","81.7980020531049","82.3644215300228","82.9420656687147","..",".."
Population density (people per sq. km of land area),"EN.POP.DNST","Namibia","NAM","1.66320858992579","2.20899925907032","2.96276281747622","3.04492098774429","3.13052144444849","3.21939292351419","3.31446027523716","3.41380072635402","3.50989566252475","3.59909023551847","..",".."
Population density (people per sq. km of land area),"EN.POP.DNST","Nauru","NRU","481.1","508.4","557.5","566.2","573.85","579.35","582.15","585.45","590.05","593.75","..",".."
Population density (people per sq. km of land area),"EN.POP.DNST","Nepal","NPL","136.535475524476","171.234802929892","195.015430763865","195.404659923265","195.882029996512","198.214607603767","202.068880362749","205.61569584932","207.292891524241","207.147638646669","..",".."
Population density (people per sq. km of land area),"EN.POP.DNST","Netherlands","NLD","442.876481042654","471.727280805687","505.800831600832","508.8","511.779744579745","515.143272943273","518.013068013068","520.731927531928","525.719691119691","530.950905850906","..",".."
Population density (people per sq. km of land area),"EN.POP.DNST","New Caledonia","NCL","9.65295404814004","12.2044857768053","15.5045404814004","15.5112691466083","15.5109956236324","15.5145514223195","15.5457330415755","15.6025164113786","15.7069474835886","15.8572210065646","..",".."
Population density (people per sq. km of land area),"EN.POP.DNST","New Zealand","NZL","12.6459306520831","14.6507918423151","17.9032319319433","18.2811135163875","18.6115225399719","18.8762295393263","19.2639854164293","19.3103186358285","19.299305001709","19.7485853176864","..",".."
Population density (people per sq. km of land area),"EN.POP.DNST","Nicaragua","NIC","34.5899867043377","41.7370201096892","51.7921389396709","52.4865464517201","53.1833139438258","53.8778211733422","54.5559830480306","55.2163952135616","55.9303141100216","56.702783779292","..",".."
Population density (people per sq. km of land area),"EN.POP.DNST","Niger","NER","6.54145338280572","9.08631088655562","16.3304278834768","16.9222752032841","17.5164356201153","18.1161735217494","18.7239385805637","19.3432857030078","19.9826107207705","20.6519831057077","..",".."
Population density (people per sq. km of land area),"EN.POP.DNST","Nigeria","NGA","106.636060695895","138.764445469218","214.591719094832","219.873929751749","225.017024056568","230.009377779242","234.961824609945","239.939047179859","245.013445765671","250.20910328623","..",".."
Population density (people per sq. km of land area),"EN.POP.DNST","North Macedonia","MKD","..","79.6834447502949","75.5873513084853","75.2837827121332","74.9028945281523","74.3957969865186","73.5973037272006","72.8435368754956","72.6293417922284","72.474861221253","..",".."
Population density (people per sq. km of land area),"EN.POP.DNST","Northern Mariana Islands","MNP","..","148.6","110.376086956522","108.60652173913","106.689130434783","104.628260869565","103.321739130435","102.128260869565","100.169565217391","98.1369565217391","..",".."
Population density (people per sq. km of land area),"EN.POP.DNST","Norway","NOR","11.6127109548685","12.2957995203207","14.3354243797401","14.452576255125","14.5488896436123","14.6479975020132","14.7672152298338","14.8470090866665","14.9809948664452","15.1524995195871","..",".."
Population density (people per sq. km of land area),"EN.POP.DNST","Oman","OMN","5.69936672051696","7.37360581583199","14.1870016155089","14.6604071082391","14.8558222940226","14.8343812600969","14.612268174475","14.5409499192246","15.2834442649435","16.3142778675283","..",".."
Population density (people per sq. km of land area),"EN.POP.DNST","Pakistan","PAK","150.679192611042","200.912109537152","285.568271326276","289.635179275633","294.376416562889","299.399256693649","304.848674242424","310.65509677252","316.133077781237","321.067474833956","..",".."
Population density (people per sq. km of land area),"EN.POP.DNST","Palau","PLW","..","41.6913043478261","38.6891304347826","38.7217391304348","38.7260869565217","38.6913043478261","38.6782608695652","38.6586956521739","38.6065217391304","38.5369565217391","..",".."
Population density (people per sq. km of land area),"EN.POP.DNST","Panama","PAN","33.0317863868711","40.4946058649448","54.3589584457636","55.298259579061","56.1857643569695","57.0868158533297","57.87626044756","58.5791992450795","59.3255998921542","60.1072930709086","..",".."
Population density (people per sq. km of land area),"EN.POP.DNST","Papua New Guinea","PNG","8.60416243430641","12.2268780638608","19.7891577971117","20.268325751888","20.744850505675","21.2185001987369","21.6750121450338","22.1103564015369","22.5305149494325","22.9422669257607","..",".."
Population density (people per sq. km of land area),"EN.POP.DNST","Paraguay","PRY","10.1579335514724","12.8388321167883","15.7289856531588","15.9543418071986","16.1776541656179","16.3983337528316","16.621542914674","16.8240171155298","17.0713596633508","17.282671943072","..",".."
Population density (people per sq. km of land area),"EN.POP.DNST","Peru","PER","17.19903984375","20.77994609375","24.1144484375","24.47237265625","24.9199875","25.35101796875","25.65513984375","25.9030328125","26.1526859375","26.44188828125","..",".."
Population density (people per sq. km of land area),"EN.POP.DNST","Philippines","PHL","210.801442130328","267.046976556998","357.969342992253","362.61090317604","367.123744843546","371.615799711574","375.897186168964","379.317000368917","382.21262367106","385.321122178623","..",".."
Population density (people per sq. km of land area),"EN.POP.DNST","Poland","POL","124.427118090698","124.909820758105","124.008253045495","124.0237303635","124.031583760656","124.025595374212","122.548420605625","120.815285854296","120.297131562612","119.787615502661","..",".."
Population density (people per sq. km of land area),"EN.POP.DNST","Portugal","PRT","109.106207650273","112.457901639344","112.716384151187","112.441815784188","112.261935951514","112.288582794065","112.406676011074","113.113510527741","113.904957775507","115.475189289738","..",".."
Population density (people per sq. km of land area),"EN.POP.DNST","Puerto Rico (US)","PRI","398.759864712514","429.605975197294","392.382412626832","384.536302142052","370.990980834273","372.34396843292","369.965050732807","367.836640360767","363.03686583991","361.194137542277","..",".."
Population density (people per sq. km of land area),"EN.POP.DNST","Qatar","QAT","37.9134366925065","55.5546080964686","215.588598781549","221.568320278503","224.606962576153","229.648128807659","243.180852915579","218.007832898172","231.273542210618","231.160313315927","..",".."
Population density (people per sq. km of land area),"EN.POP.DNST","Romania","ROU","101.163440156965","97.701323407775","85.6322453059805","85.1387126216968","84.6399947844228","84.1952712100139","83.7328320584145","83.1104789638387","82.7907771210014","82.8453668289291","..",".."
Population density (people per sq. km of land area),"EN.POP.DNST","Russian Federation","RUS","..","8.94901570933758","8.85489473873823","8.87185768709161","8.87825976514438","8.88162945666663","8.86891988517952","8.83848757424343","8.80735653394086","8.78227219242749","..",".."
Population density (people per sq. km of land area),"EN.POP.DNST","Rwanda","RWA","298.958532630726","332.952209160924","483.144831779489","494.611268747467","506.201702472639","517.880137819214","529.624523713012","541.35630320227","553.345358735306","565.645358735306","..",".."
Population density (people per sq. km of land area),"EN.POP.DNST","Samoa","WSM","59.7321554770318","64.1996466431095","71.9077738515901","73.8902877697842","74.6697841726619","75.4604316546763","76.2388489208633","76.8989208633094","77.4320143884892","77.9363309352518","..",".."
Population density (people per sq. km of land area),"EN.POP.DNST","San Marino","SMR","391.25","446.65","551.683333333333","563.75","575.366666666667","577.716666666667","579.5","570.866666666667","562.583333333333","564.333333333333","..",".."
Population density (people per sq. km of land area),"EN.POP.DNST","Sao Tome and Principe","STP","128.104166666667","150.01875","212.176041666667","215.59375","218.944791666667","222.283333333333","226.494791666667","231.209375","235.734375","240.490625","..",".."
Population density (people per sq. km of land area),"EN.POP.DNST","Saudi Arabia","SAU","4.94987230716987","7.52560694797855","14.399377584675","14.4101498355577","14.0468072140634","13.9851787932213","14.6777023663877","14.320382473752","14.9673785522564","15.6779493787476","..",".."
Population density (people per sq. km of land area),"EN.POP.DNST","Senegal","SEN","40.1003635797019","51.775099984418","78.0892380408248","80.3770944787825","82.6598348309354","84.9370072196541","87.2031319794318","89.4451098530099","91.6797538046019","93.8948371682335","..",".."
Population density (people per sq. km of land area),"EN.POP.DNST","Serbia","SRB","..","..","80.7034301394923","80.275074319689","79.8376857992225","79.4104161902584","82.0445475086217","81.2739445831847","79.2537638244738","78.7630277084077","..",".."
Population density (people per sq. km of land area),"EN.POP.DNST","Seychelles","SYC","151.102173913043","176.371739130435","205.819565217391","208.354347826087","210.352173913043","212.228260869565","214.047826086957","215.778260869565","260.604347826087","260.376086956522","..",".."
Population density (people per sq. km of land area),"EN.POP.DNST","Sierra Leone","SLE","58.1439179828207","61.2858270989194","99.8244389027431","102.234677195899","104.662829038515","107.120961485176","109.622582432807","112.144666112497","114.66898032696","117.214075921308","..",".."
Population density (people per sq. km of land area),"EN.POP.DNST","Singapore","SGP","4547.95820895522","6011.77164179105","7908.72073342736","7882.37780898876","7897.30532212885","7965.87849162011","7918.95125348189","7595.49582172702","7851.00557103064","8241.8495821727","..",".."
Population density (people per sq. km of land area),"EN.POP.DNST","Sint Maarten (Dutch part)","SXM","..","..","1124.97058823529","1146.94117647059","1168","1187.79411764706","1206.11764705882","1222.67647058824","1239.38235294118","1257.32352941176","..",".."
Population density (people per sq. km of land area),"EN.POP.DNST","Slovak Republic","SVK","..","112.031600831601","112.953369384359","113.128785357737","113.285586522463","113.43899750416","113.536335274542","113.295486688852","112.973211314476","112.868968386023","..",".."
Population density (people per sq. km of land area),"EN.POP.DNST","Slovenia","SVN","..","98.7549652432969","102.52417833383","102.610871929328","102.992292564709","103.711934605987","104.408881428657","104.689964442502","104.888460698039","105.31480791676","..",".."
Population density (people per sq. km of land area),"EN.POP.DNST","Solomon Islands","SLB","11.8411932833155","15.7366559485531","23.6648445873526","24.497034655234","25.3340836012862","26.014540907467","26.5987138263666","27.2451232583065","27.9051804215791","28.581814933905","..",".."
Population density (people per sq. km of land area),"EN.POP.DNST","Somalia, Fed. Rep.","SOM","11.2902269901489","14.089190869385","22.8723499218924","23.7775831287659","24.6317578984283","25.5538798737527","26.5425303663085","27.5312127395033","28.3767924889215","29.2642187649441","..",".."
Population density (people per sq. km of land area),"EN.POP.DNST","South Africa","ZAF","33.5888252314338","38.8756967743531","47.2014038529705","47.5110354549127","48.3171083761304","49.1207453692636","49.9240625180325","50.6991261983859","51.4210899438624","52.1085690262058","..",".."
Population density (people per sq. km of land area),"EN.POP.DNST","South Sudan","SSD","..","..","17.1381355529885","16.234636747741","16.0191429430475","16.4945231275616","16.9298292532401","17.1945943379805","17.4405029038026","18.1719082809805","..",".."
Population density (people per sq. km of land area),"EN.POP.DNST","Spain","ESP","77.8218044209515","81.2983246492986","92.9973717081295","93.2268622784207","93.638281089712","94.3181087826492","94.802910688937","94.9382927184248","95.626963633201","96.7636173412149","..",".."
Population density (people per sq. km of land area),"EN.POP.DNST","Sri Lanka","LKA","260.763163769734","307.655142720459","342.672030762768","346.614318258931","350.284495021337","352.431694638296","354.332363401229","358.163595215002","358.567733591982","356.239896540576","..",".."
Population density (people per sq. km of land area),"EN.POP.DNST","St. Kitts and Nevis","KNA","155.507692307692","174.030769230769","181.057692307692","180.961538461538","180.8","180.584615384615","180.269230769231","179.857692307692","179.65","179.838461538462","..",".."
Population density (people per sq. km of land area),"EN.POP.DNST","St. Lucia","LCA","225.995081967213","260.026229508197","287.944262295082","289.085245901639","290.191803278688","291.247540983607","292.213114754098","292.659016393443","293.083606557377","293.909836065574","..",".."
Population density (people per sq. km of land area),"EN.POP.DNST","St. Martin (French part)","MAF","..","..","743.5","736.74","720.24","685.34","635.72","599.22","577.4","550.3","..",".."
Population density (people per sq. km of land area),"EN.POP.DNST","St. Vincent and the Grenadines","VCT","286.697435897436","291.141025641026","272.689743589744","270.930769230769","269.041025641026","267.094871794872","265.451282051282","263.694871794872","261.65641025641","259.802564102564","..",".."
Population density (people per sq. km of land area),"EN.POP.DNST","Sudan","SDN","..","..","22.0877366167024","22.8663308351178","23.6780492505353","24.3833913276231","25.0477682012848","25.7317580299786","26.4364807280514","26.7895026766595","..",".."
Population density (people per sq. km of land area),"EN.POP.DNST","Suriname","SUR","2.56992799282227","2.96959751627976","3.66186375836012","3.69897103321145","3.73510639152873","3.77407650640365","3.81487831013121","3.84963678669192","3.88245766041872","3.91810706046897","..",".."
Population density (people per sq. km of land area),"EN.POP.DNST","Sweden","SWE","21.0115414726333","21.7806145583158","24.362449750883","24.6929419766692","24.9814588688378","25.2378879395011","25.4209438224317","25.5740792575133","25.7487256923983","25.8713678886243","..",".."
Population density (people per sq. km of land area),"EN.POP.DNST","Switzerland","CHE","169.887250637313","181.771231711013","211.931572125581","213.918480127503","215.500094533915","217.042781721823","218.63446962171","220.31454103721","222.150599739861","224.978619136651","..",".."
Population density (people per sq. km of land area),"EN.POP.DNST","Syrian Arab Republic","SYR","68.447099793231","90.5315485907063","104.524500353973","104.692414093558","106.615721831945","110.839917224854","114.629575777378","117.784888090181","122.323002777324","128.490023416653","..",".."
Population density (people per sq. km of land area),"EN.POP.DNST","Tajikistan","TJK","..","44.903793941126","63.8780243533396","65.4654225808776","67.060544707832","68.6646444268319","70.2450464730888","71.8128683622739","73.3642337344189","74.8598530153469","..",".."
Population density (people per sq. km of land area),"EN.POP.DNST","Tanzania","TZA","29.4764134116053","38.6770591555656","60.7631666290359","62.8278279521337","64.842114472793","66.8038959132987","68.8335944908557","70.9306976744186","73.0546635809438","75.2061481146986","..",".."
Population density (people per sq. km of land area),"EN.POP.DNST","Thailand","THA","107.143081680988","123.329513202451","138.698821664155","139.286709467791","139.709289670966","139.995441288731","140.228785061364","140.396821233534","140.412474309538","140.348088629646","..",".."
Population density (people per sq. km of land area),"EN.POP.DNST","Timor-Leste","TLS","51.1328177538668","50.1067921990585","82.6033624747814","84.1763954270343","85.8075991930061","87.4878950907868","89.1763954270343","90.7961667787492","92.0843981170141","93.0925353059852","..",".."
Population density (people per sq. km of land area),"EN.POP.DNST","Togo","TGO","73.5201507630079","94.5033462033462","144.480400808972","148.136422136422","151.843684500827","155.599705828277","159.399154256297","163.235502849789","167.121492921493","171.067052767053","..",".."
Population density (people per sq. km of land area),"EN.POP.DNST","Tonga","TON","138.472222222222","142.606944444444","146.561111111111","146.327777777778","146.620833333333","146.7625","146.811111111111","146.513888888889","145.891666666667","145.273611111111","..",".."
Population density (people per sq. km of land area),"EN.POP.DNST","Trinidad and Tobago","TTO","244.095126705653","257.265886939571","263.917153996101","264.450877192982","264.949902534113","265.884015594542","266.418128654971","266.580506822612","266.238791423002","266.571150097466","..",".."
Population density (people per sq. km of land area),"EN.POP.DNST","Tunisia","TUN","53.5820610195675","62.8535980947477","74.2061920700309","74.9903321318229","75.7306513903193","76.4358972708548","77.0729724510814","77.5529222451081","78.0080715756952","78.530065653965","..",".."
Population density (people per sq. km of land area),"EN.POP.DNST","Turkiye","TUR","72.7825422605668","85.0096293023921","103.007889505347","104.352348531112","105.774468250978","107.297584553617","108.343853540013","109.334768655068","110.416580694619","110.866214934449","..",".."
Population density (people per sq. km of land area),"EN.POP.DNST","Turkmenistan","TKM","..","9.75182899580789","13.5340178324431","13.8468729385228","14.1627987147022","14.4786329878918","14.7892494626859","15.0917008916222","15.3856808460835","15.6713510522844","..",".."
Population density (people per sq. km of land area),"EN.POP.DNST","Turks and Caicos Islands","TCA","12.3031578947368","19.7157894736842","40.3315789473684","42.0136842105263","43.7463157894737","45.4378947368421","46.7221052631579","47.6242105263158","48.26","48.6294736842105","..",".."
Population density (people per sq. km of land area),"EN.POP.DNST","Tuvalu","TUV","293.266666666667","318.133333333333","364.333333333333","362.3","358.366666666667","352.7","346.633333333333","339.8","333.066666666667","327.2","..",".."
Population density (people per sq. km of land area),"EN.POP.DNST","Uganda","UGA","87.9330213703018","120.11485911616","193.49267903451","200.365988430082","207.290200478755","214.440639337722","221.709315778975","228.959355675244","235.950124675843","242.65210951526","..",".."
Population density (people per sq. km of land area),"EN.POP.DNST","Ukraine","UKR","..","85.5383792180892","78.7461064406429","78.432661833247","78.0271090783569","77.5931273731446","77.1142802899551","76.4560579910252","70.8470245081118","65.1239834311357","..",".."
Population density (people per sq. km of land area),"EN.POP.DNST","United Arab Emirates","ARE","26.7279639538158","49.1914249507181","125.8109687412","129.867994931005","131.606603773585","133.001760067587","132.371698113208","134.823317375387","141.861123627147","147.616882568291","..",".."
Population density (people per sq. km of land area),"EN.POP.DNST","United Kingdom","GBR","236.628719050965","243.427908899268","271.18174678626","272.665647088001","274.000744016864","275.414376059191","275.881453312942","276.873475798785","279.436200553879","283.106683751498","..",".."
Population density (people per sq. km of land area),"EN.POP.DNST","United States","USA","27.2545136128993","30.7973013298523","35.4584505795077","35.7049975840182","35.9149986553586","36.1004771837305","36.248222996211","36.3052926398919","36.5149212564854","36.8198061311277","..",".."
Population density (people per sq. km of land area),"EN.POP.DNST","Uruguay","URY","17.7374185807336","18.6619014969718","19.3079819449206","19.3602902525426","19.3951205576506","19.4103873842989","19.4204548051651","19.4074677179751","19.3744314935436","19.3582504856588","..",".."
Population density (people per sq. km of land area),"EN.POP.DNST","Uzbekistan","UZB","..","56.8556053811659","71.0059170523229","72.2198017195203","73.4780871882284","74.8253929702307","76.2200658118688","77.7112512566577","79.2892236957962","80.9084466129581","..",".."
Population density (people per sq. km of land area),"EN.POP.DNST","Vanuatu","VUT","12.1462674323216","15.2814602132896","22.3205086136177","22.8471698113208","23.4010664479081","23.9528301886792","24.5166529942576","25.0917145200984","25.6805578342904","26.2845775225595","..",".."
Population density (people per sq. km of land area),"EN.POP.DNST","Venezuela, RB","VEN","22.4783288929199","27.8064826257015","34.8797913950456","34.6525967915651","33.7935400487501","32.8077750694405","32.2476923076923","32.0138608922397","31.9857343688","32.0853171588912","..",".."
Population density (people per sq. km of land area),"EN.POP.DNST","Viet Nam","VNM","201.249046053642","248.035784093101","299.948999160782","303.688787280275","307.046632570694","310.034412897339","312.923153250018","315.653937574379","318.032648542413","320.175197572656","..",".."
Population density (people per sq. km of land area),"EN.POP.DNST","Virgin Islands (U.S.)","VIR","297.037142857143","310.405714285714","307.188571428571","306.517142857143","305.717142857143","304.768571428571","303.685714285714","302.485714285714","301.18","299.762857142857","..",".."
Population density (people per sq. km of land area),"EN.POP.DNST","West Bank and Gaza","PSE","328.612624584718","485.407475083056","725.429900332226","740.000830564784","758.984551495017","778.290033222591","797.885215946844","817.05377593361","837.114024896266","857.390041493776","..",".."
Population density (people per sq. km of land area),"EN.POP.DNST","Yemen, Rep.","YEM","26.3042634998201","37.1690455897115","60.8159743924844","62.6757599863629","64.5589370608179","66.5026573479554","68.4411292308275","70.3453415913783","72.395924010834","74.6080250771824","..",".."
Population density (people per sq. km of land area),"EN.POP.DNST","Zambia","ZMB","10.4738683598111","13.475606343911","22.7530946071376","23.4618706197285","24.1778460834824","24.9046113076582","25.6384872005273","26.3705551594721","27.1095091405588","27.8776483407095","..",".."
Population density (people per sq. km of land area),"EN.POP.DNST","Zimbabwe","ZWE","26.2046814010598","30.74073930464","37.7414863642239","38.2899883675843","38.8637766576192","39.4762000775494","40.13671448882","40.8354917926845","41.5382086079876","42.24071862479","..",".."
Population density (people per sq. km of land area),"EN.POP.DNST","Africa Eastern and Southern","AFE","28.0991087474811","33.3035106646153","41.9915537679033","43.1158195866339","44.3109394118317","45.5334654681731","46.7795135824364","48.0354728061518","49.2972007384894","..","..",".."
Population density (people per sq. km of land area),"EN.POP.DNST","Africa Western and Central","AFW","23.1672703735886","30.3974279719383","47.4757006029331","48.7390701520488","49.9897095662287","51.2245254219844","52.4631237583976","53.7180180179184","54.9855916127898","..","..",".."
Population density (people per sq. km of land area),"EN.POP.DNST","Arab World","ARB","19.8643640183701","25.5039700746683","32.0451442075354","32.6945464038478","33.2809532562352","33.9131958947659","34.6339103040644","35.1623623846891","35.9918336255039","..","..",".."
Population density (people per sq. km of land area),"EN.POP.DNST","Caribbean small states","CSS","9.17113120468617","9.92711395830266","10.8934309469801","10.9556775752626","11.059856053637","11.1488737254616","11.1894430601684","11.2392890419813","11.2848141186504","..","..",".."
Population density (people per sq. km of land area),"EN.POP.DNST","Central Europe and the Baltics","CEB","150.437590675687","98.1455805547486","92.8247588904212","92.6047341774741","92.3692084301826","92.1854556712536","91.5975668995432","90.6877587931935","90.5708010536644","..","..",".."
Population density (people per sq. km of land area),"EN.POP.DNST","Early-demographic dividend","EAR","65.7013847702685","75.6044104013335","97.0256299345761","98.2755925064534","99.4817619661395","100.705896897962","101.937460447807","102.970775558914","104.215136704616","..","..",".."
Population density (people per sq. km of land area),"EN.POP.DNST","East Asia & Pacific","EAS","74.5159145222201","83.8610283923368","94.6937276463779","95.3640917843833","95.9404015370252","96.4380766594786","96.83193149878","97.005135071124","97.3339735826834","..","..",".."
Population density (people per sq. km of land area),"EN.POP.DNST","East Asia & Pacific (excluding high income)","EAP","100.535057936284","113.8692161427","129.581742367703","130.567654797603","131.409868337961","132.134925461608","132.732163470285","133.025368143379","133.338264665834","..","..",".."
Population density (people per sq. km of land area),"EN.POP.DNST","East Asia & Pacific (IDA & IBRD countries)","TEA","99.9665255282711","113.239732891779","128.943356299366","129.92920605548","130.770644859426","131.494477158156","132.090022057767","132.37999364036","132.689192865033","..","..",".."
Population density (people per sq. km of land area),"EN.POP.DNST","Euro area","EMU","131.158284805678","119.105131450003","125.74801921269","126.028700924669","126.404243914838","126.636297354644","126.815416504565","126.88812174621","127.254378609524","..","..",".."
Population density (people per sq. km of land area),"EN.POP.DNST","Europe & Central Asia","ECS","154.202912697781","31.6482193568461","33.2148080937239","33.3427486883178","33.4737570087959","33.5921361078478","33.6602835989001","33.6861718876024","33.681255334732","..","..",".."
Population density (people per sq. km of land area),"EN.POP.DNST","Europe & Central Asia (excluding high income)","ECA","261.235920856179","37.626910005721","40.9788296619889","41.3314112003313","41.6847494495179","42.0532363737648","42.3768883435545","42.6331333883906","42.4043438180885","..","..",".."
Population density (people per sq. km of land area),"EN.POP.DNST","Europe & Central Asia (IDA & IBRD countries)","TEC","298.614665003811","19.1530449259825","19.8321144333003","19.9233397185183","20.0075287890585","20.094026148344","20.1364207482837","20.1477953165238","20.053774732316","..","..",".."
Population density (people per sq. km of land area),"EN.POP.DNST","European Union","EUU","117.025569636408","107.43763087465","111.244316879376","111.42564117038","111.672659926438","111.821235691404","111.811112231477","111.646373360122","111.893131950813","..","..",".."
Population density (people per sq. km of land area),"EN.POP.DNST","Fragile and conflict affected situations","FCS","30.1774150877617","34.8726391525287","44.5302624176423","45.5270131066182","46.535393078334","47.5710181630295","48.6401896042009","49.716034688003","50.6796378484564","..","..",".."
Population density (people per sq. km of land area),"EN.POP.DNST","Heavily indebted poor countries (HIPC)","HPC","22.2200597793427","27.7366075449133","39.025674597164","40.1855427979159","41.3523557492643","42.5190680719139","43.7099075657914","44.9054154980091","46.0900782945962","..","..",".."
Population density (people per sq. km of land area),"EN.POP.DNST","High income","HIC","33.6503866454634","24.1535701358984","26.4381447156711","26.5546210258502","26.6462181721644","26.7360259861526","26.8076797283675","26.8671396607836","27.0170529053769","..","..",".."
Population density (people per sq. km of land area),"EN.POP.DNST","IBRD only","IBD","69.148182007762","56.3605166988903","66.7079526735412","67.3384457700949","67.9205648201147","68.4589690843195","68.9313972651106","69.2969708257201","69.6229837797061","..","..",".."
Population density (people per sq. km of land area),"EN.POP.DNST","IDA & IBRD total","IBT","61.2114460608887","54.8324038258068","66.2039448504935","67.0396174172364","67.8520171826622","68.6449514027532","69.3993312422842","70.0772904413303","70.7232305099167","..","..",".."
Population density (people per sq. km of land area),"EN.POP.DNST","IDA blend","IDB","67.3091769099612","80.4600939070839","117.979685012637","120.337543397582","122.770294331703","125.231895343451","127.763150420736","130.364672327845","132.954794448531","..","..",".."
Population density (people per sq. km of land area),"EN.POP.DNST","IDA only","IDX","35.2322435575554","41.6690060198843","52.0015998511586","53.1835769718324","54.4056735061853","55.681005468268","56.9864757487285","58.2868067553552","59.576784263874","..","..",".."
Population density (people per sq. km of land area),"EN.POP.DNST","IDA total","IDA","42.1218018848869","50.0620177755881","64.7933355771926","66.2033317611789","67.6601823751493","69.1654337294484","70.708813372764","72.2614273728886","73.8026057901326","..","..",".."
Population density (people per sq. km of land area),"EN.POP.DNST","Late-demographic dividend","LTE","74.4859714306242","46.0098979791788","51.0016007577816","51.3399364854318","51.6205889989605","51.8561187728491","52.0231339026125","52.1123508775933","52.1949557628276","..","..",".."
Population density (people per sq. km of land area),"EN.POP.DNST","Latin America & Caribbean","LCN","21.9653180325214","25.9529802442326","31.1688358715504","31.4524540545887","31.7199328465571","31.9787636490052","32.2050635539579","32.3915533982336","32.5868308076724","..","..",".."
Population density (people per sq. km of land area),"EN.POP.DNST","Latin America & Caribbean (excluding high income)","LAC","21.891545673376","25.867875695749","31.0973457581053","31.4060855350308","31.7276580583473","32.0408546856498","32.3079863627087","32.5199516637478","32.7327006919195","..","..",".."
Population density (people per sq. km of land area),"EN.POP.DNST","Latin America & the Caribbean (IDA & IBRD countries)","TLA","21.3611344199189","25.3309386607104","30.5756789555618","30.8648395091605","31.1407608410961","31.4016447900623","31.631770581189","31.8231317642983","32.0247780918987","..","..",".."
Population density (people per sq. km of land area),"EN.POP.DNST","Least developed countries: UN classification","LDC","31.2898160104488","38.0358684345252","48.4015353371021","49.5597657740462","50.7444246385833","51.967591243585","53.2263059749044","54.4807435364887","55.7288546680037","..","..",".."
Population density (people per sq. km of land area),"EN.POP.DNST","Low & middle income","LMY","59.3719418103467","65.6468523642262","79.2105438249939","80.2292753022611","81.2256919138532","82.1988223064499","83.1284089906105","83.9597275062232","84.7510281776062","..","..",".."
Population density (people per sq. km of land area),"EN.POP.DNST","Low income","LIC","22.3137629673286","29.0798469530297","36.803838760481","37.8129946019888","38.8874991570558","40.0227778795972","41.1731038852571","42.3065290218641","43.4329058172616","..","..",".."
Population density (people per sq. km of land area),"EN.POP.DNST","Lower middle income","LMC","95.3792741760582","113.762443250105","150.116538465077","152.327884395316","154.501586622722","156.644254270395","158.77157989764","160.795667051507","162.833348484022","..","..",".."
Population density (people per sq. km of land area),"EN.POP.DNST","Middle East, North Africa, Afghanistan & Pakistan","MEA","30.3003181193643","39.1205813574758","55.9068416627011","56.8731349878273","57.7809296801308","58.7580654693081","59.8411578819289","60.7250479184394","62.0217516719828","..","..",".."
Population density (people per sq. km of land area),"EN.POP.DNST","Middle East, North Africa, Afghanistan & Pakistan (excluding high income)","MNA","35.8915670429768","45.9896913197014","64.1718148657434","65.2984288331834","66.4596824458768","67.6570070470602","68.8541721163342","70.0399427000988","71.2696960585184","..","..",".."
Population density (people per sq. km of land area),"EN.POP.DNST","Middle East, North Africa, Afghanistan & Pakistan (IDA & IBRD)","TMN","35.7164179015469","45.7267664443899","63.7760400764393","64.8943558936358","66.0449357978312","67.2314161863196","68.4175628707434","69.5921921684118","70.7680179688465","..","..",".."
Population density (people per sq. km of land area),"EN.POP.DNST","Middle income","MIC","66.4936551778579","72.1659336065224","88.4723292901493","89.494121972458","90.4734833962662","91.4112200387327","92.2930140596782","93.0561367400262","93.7763534351372","..","..",".."
Population density (people per sq. km of land area),"EN.POP.DNST","North America","NAC","15.3036003986625","17.2615410984068","19.9042852164603","20.052778591187","20.1879719521777","20.3117942386777","20.4090671793574","20.65124212109","20.7969661757296","..","..",".."
Population density (people per sq. km of land area),"EN.POP.DNST","Not classified","INX","..","..","..","..","..","..","..","..","..","..","..",".."
Population density (people per sq. km of land area),"EN.POP.DNST","OECD members","OED","31.5031768778742","33.8553313965611","37.7402639098425","37.9659116421334","38.2000604347237","38.4162625914934","38.5625521956701","38.8255337431259","39.0414645392003","..","..",".."
Population density (people per sq. km of land area),"EN.POP.DNST","Other small states","OSS","39.4670259400055","37.3282002585605","43.0881692127593","43.702265785042","44.1414058010025","44.6748012134527","45.1674062811457","45.6204722862817","46.1953342694381","..","..",".."
Population density (people per sq. km of land area),"EN.POP.DNST","Pacific island small states","PSS","28.2470092268533","31.8111214953271","38.5949221183801","39.1270303975058","39.626017147311","40.0414029618083","40.460202650039","40.9274045206547","41.4037256430242","..","..",".."
Population density (people per sq. km of land area),"EN.POP.DNST","Post-demographic dividend","PST","31.861569793968","32.5689395361271","35.1866090006505","35.3206844345793","35.4548360427958","35.5671793502924","35.6353658740269","35.823844767363","35.851172647342","..","..",".."
Population density (people per sq. km of land area),"EN.POP.DNST","Pre-demographic dividend","PRE","23.8819429483842","31.6130979511473","44.0815584681259","45.3287624097443","46.5966013671188","47.8761105936639","49.1722883716943","50.4690763570164","51.7611956981529","..","..",".."
Population density (people per sq. km of land area),"EN.POP.DNST","Small states","SST","20.89666108114","21.7763587407941","25.30673344668","25.5970204103524","25.8745222195669","26.157554001711","26.399502296387","26.6359353738561","26.9157002086878","..","..",".."
Population density (people per sq. km of land area),"EN.POP.DNST","South Asia","SAS","301.927574116689","369.362022618166","464.622057592857","469.82322835622","474.800737015142","479.655227185199","484.334799417988","488.431572059838","492.382623595388","..","..",".."
Population density (people per sq. km of land area),"EN.POP.DNST","South Asia (IDA & IBRD)","TSA","301.927574116689","369.362022618166","464.622057592857","469.82322835622","474.800737015142","479.655227185199","484.334799417988","488.431572059838","492.382623595388","..","..",".."
Population density (people per sq. km of land area),"EN.POP.DNST","Sub-Saharan Africa","SSF","25.8840412780467","32.0659370659859","44.068009585861","45.2449451429594","46.4610849355483","47.6882621146341","48.9314926208051","50.1870490616922","51.4509903312293","..","..",".."
Population density (people per sq. km of land area),"EN.POP.DNST","Sub-Saharan Africa (excluding high income)","SSA","23.5172330034299","30.3164158802774","41.5612196237525","42.6669406215545","43.8116831200619","44.9646949255304","46.1298310381034","47.3061257586537","48.4892611584016","..","..",".."
Population density (people per sq. km of land area),"EN.POP.DNST","Sub-Saharan Africa (IDA & IBRD countries)","TSS","25.8840412780467","32.0659370659859","44.068009585861","45.2449451429594","46.4610849355483","47.6882621146341","48.9314926208051","50.1870490616922","51.4509903312293","..","..",".."
Population density (people per sq. km of land area),"EN.POP.DNST","Upper middle income","UMC","53.2925722222526","54.3100750437118","62.0694204456148","62.5777070078512","63.045577325264","63.4671118119566","63.8132323683068","64.0461688697748","64.2108039852195","..","..",".."
Population density (people per sq. km of land area),"EN.POP.DNST","World","WLD","50.8461345966514","48.4403366874438","57.9344044255455","58.5967120693699","59.2328051474011","59.8544799078542","60.4468430446648","61.0288760939611","61.591254360527","..","..",".."
,"","","","","","","","","","","","","","",""
,"","","","","","","","","","","","","","",""
,"","","","","","","","","","","","","","",""
Data from database: World Development Indicators,"","","","","","","","","","","","","","",""
Last Updated: 04/08/2026,"","","","","","","","","","","","","","",""
